
clang/bios.clang.elf:	file format elf32-z80

Disassembly of section .boot_code:

00000280 <_relocate_bios>:
; {
     280: 11 ec ec     	ld	de,$ecec
;     _bss_compiler_head = 0;
     283: af           	xor	a
     284: 21 eb ec     	ld	hl,$eceb
     287: 77           	ld	(hl),a
;     memcpy(&_bss_compiler_head + 1,
     288: 01 f6 06     	ld	bc,$6f6
     28b: 78           	ld	a,b
     28c: b1           	or	c
     28d: 28 02        	jr	z,$291
     28f: ed b0        	ldir
;     memcpy((void *)BIOS_BASE,
     291: 21 54 04     	ld	hl,$454
     294: 11 00 da     	ld	de,$da00
     297: 01 eb 12     	ld	bc,$12eb
     29a: 78           	ld	a,b
     29b: b1           	or	c
     29c: 28 02        	jr	z,$2a0
     29e: ed b0        	ldir
;     memcpy((void *)CFG_ADDR, confi_on_disk, 128);
     2a0: 21 80 00     	ld	hl,$80
     2a3: 11 00 d5     	ld	de,$d500
     2a6: 01 80 00     	ld	bc,$80
     2a9: ed b0        	ldir
;     memcpy((void *)CONV_ADDR, conv_tables, 384);
     2ab: 21 00 01     	ld	hl,$100
     2ae: 11 80 f6     	ld	de,$f680
     2b1: 01 80 01     	ld	bc,$180
     2b4: ed b0        	ldir
; }
     2b6: c9           	ret

000002b7 <_verify_relocation>:
;     if (_sentinel_addr != SENTINEL_VALUE)
     2b7: 2a e9 ec     	ld	hl,($ece9)              ; 0xece9 <__sentinel_addr>
     2ba: 7c           	ld	a,h
     2bb: ee 18        	xor	$18
     2bd: 57           	ld	d,a
     2be: 7d           	ld	a,l
     2bf: ee 42        	xor	$42
     2c1: b2           	or	d
     2c2: 20 01        	jr	nz,$2c5
; }
     2c4: c9           	ret
; static __inline__ void intrinsic_halt(void) { __builtin_z80_halt(); }
     2c5: 76           	halt
;         for (;;) hal_halt();  /* hang — display will show nothing */
     2c6: 18 fd        	jr	$2c5

000002c8 <_bios_hw_init>:
;     setup_ivt();
     2c8: cd 0b 04     	call	$40b
; DEFPORT(pio_a_ctrl,   PORT_PIO_A_CTRL)
     2cb: 3e 20        	ld	a,$20
     2cd: d3 12        	out	($12),a
; DEFPORT(pio_b_ctrl,   PORT_PIO_B_CTRL)
     2cf: 3e 22        	ld	a,$22
     2d1: d3 13        	out	($13),a
; DEFPORT(pio_a_ctrl,   PORT_PIO_A_CTRL)
     2d3: 3e 4f        	ld	a,$4f
     2d5: d3 12        	out	($12),a
; DEFPORT(pio_b_ctrl,   PORT_PIO_B_CTRL)
     2d7: 3e 0f        	ld	a,$f
     2d9: d3 13        	out	($13),a
; DEFPORT(pio_a_ctrl,   PORT_PIO_A_CTRL)
     2db: 3e 83        	ld	a,$83
     2dd: d3 12        	out	($12),a
; DEFPORT(pio_b_ctrl,   PORT_PIO_B_CTRL)
     2df: d3 13        	out	($13),a
; DEFPORT(ctc0,         PORT_CTC0)
     2e1: af           	xor	a
     2e2: d3 0c        	out	($c),a
;     port_out(ctc0, CFG.ctc_mode0);
     2e4: 3a 00 d5     	ld	a,($d500)               ; 0xd500 <__boot_end+0xd0ac>
; DEFPORT(ctc0,         PORT_CTC0)
     2e7: d3 0c        	out	($c),a
;     port_out(ctc0, CFG.ctc_count0);
     2e9: 3a 01 d5     	ld	a,($d501)               ; 0xd501 <__boot_end+0xd0ad>
; DEFPORT(ctc0,         PORT_CTC0)
     2ec: d3 0c        	out	($c),a
;     port_out(ctc1, CFG.ctc_mode1);
     2ee: 3a 02 d5     	ld	a,($d502)               ; 0xd502 <__boot_end+0xd0ae>
; DEFPORT(ctc1,         PORT_CTC1)
     2f1: d3 0d        	out	($d),a
;     port_out(ctc1, CFG.ctc_count1);
     2f3: 3a 03 d5     	ld	a,($d503)               ; 0xd503 <__boot_end+0xd0af>
; DEFPORT(ctc1,         PORT_CTC1)
     2f6: d3 0d        	out	($d),a
;     port_out(ctc2, CFG.ctc_mode2);
     2f8: 3a 04 d5     	ld	a,($d504)               ; 0xd504 <__boot_end+0xd0b0>
; DEFPORT(ctc2,         PORT_CTC2)
     2fb: d3 0e        	out	($e),a
;     port_out(ctc2, CFG.ctc_count2);
     2fd: 3a 05 d5     	ld	a,($d505)               ; 0xd505 <__boot_end+0xd0b1>
; DEFPORT(ctc2,         PORT_CTC2)
     300: d3 0e        	out	($e),a
;     port_out(ctc3, CFG.ctc_mode3);
     302: 3a 06 d5     	ld	a,($d506)               ; 0xd506 <__boot_end+0xd0b2>
; DEFPORT(ctc3,         PORT_CTC3)
     305: d3 0f        	out	($f),a
;     port_out(ctc3, CFG.ctc_count3);
     307: 3a 07 d5     	ld	a,($d507)               ; 0xd507 <__boot_end+0xd0b3>
; DEFPORT(ctc3,         PORT_CTC3)
     30a: d3 0f        	out	($f),a
;     ASM_VOLATILE(
     30c: 21 08 d5     	ld	hl,$d508
     30f: 0e 0a        	ld	c,$a
     311: 06 09        	ld	b,$9
     313: ed b3        	otir
     315: 0e 0b        	ld	c,$b
     317: 06 0b        	ld	b,$b
     319: ed b3        	otir
; DEFPORT(sio_a_ctrl,   PORT_SIO_A_CTRL)
     31b: db 0a        	in	a,($a)
     31d: 3e 01        	ld	a,$1
     31f: d3 0a        	out	($a),a
     321: db 0a        	in	a,($a)
; DEFPORT(sio_b_ctrl,   PORT_SIO_B_CTRL)
     323: db 0b        	in	a,($b)
     325: 3e 01        	ld	a,$1
     327: d3 0b        	out	($b),a
     329: db 0b        	in	a,($b)
; DEFPORT(dma_cmd,      PORT_DMA_CMD)
     32b: 3e 20        	ld	a,$20
     32d: d3 f8        	out	($f8),a
; DEFPORT(dma_mode,     PORT_DMA_MODE)
     32f: 3e 48        	ld	a,$48
     331: d3 fb        	out	($fb),a
     333: 3e 4a        	ld	a,$4a
     335: d3 fb        	out	($fb),a
     337: 3e 4b        	ld	a,$4b
     339: d3 fb        	out	($fb),a
; DEFPORT(fdc_status,   PORT_FDC_STATUS)
     33b: db 04        	in	a,($4)
;     while (port_in(fdc_status) & (FDC_MSR_CB | FDC_MSR_DRIVE_SEEKING))
     33d: e6 1f        	and	$1f
     33f: 20 fa        	jr	nz,$33b
;     fdc_write(0x03);            /* SPECIFY command */
     341: 3e 03        	ld	a,$3
     343: cd b3 db     	call	$dbb3
;     fdc_write(0xDF);            /* step rate 3ms, head unload 240ms */
     346: 3e df        	ld	a,$df
     348: cd b3 db     	call	$dbb3
;     fdc_write(0x28);            /* head load 40ms, DMA mode */
     34b: 3e 28        	ld	a,$28
     34d: cd b3 db     	call	$dbb3
;     memset(DISPLAY_ROW(0), ' ', sizeof(Display));
     350: 21 d0 07     	ld	hl,$7d0
     353: e5           	push	hl
     354: 21 00 f8     	ld	hl,$f800
     357: 11 20 00     	ld	de,$20
     35a: cd 7a db     	call	$db7a
;     memset((void *)(WORK_ADDR + 1), 0, 0xFFFF - WORK_ADDR);
     35d: 21 2f 00     	ld	hl,$2f
     360: e5           	push	hl
     361: 21 d1 ff     	ld	hl,$ffd1
     364: 11 00 00     	ld	de,$0
     367: cd 7a db     	call	$db7a
; DEFPORT(crt_cmd,      PORT_CRT_CMD)
     36a: af           	xor	a
     36b: d3 01        	out	($1),a
;     port_out(crt_param, CFG.par[0]);   /* chars/row */
     36d: 3a 20 d5     	ld	a,($d520)               ; 0xd520 <__boot_end+0xd0cc>
; DEFPORT(crt_param,    PORT_CRT_PARAM)
     370: d3 00        	out	($0),a
;     port_out(crt_param, CFG.par[1]);   /* rows/frame */
     372: 3a 21 d5     	ld	a,($d521)               ; 0xd521 <__boot_end+0xd0cd>
; DEFPORT(crt_param,    PORT_CRT_PARAM)
     375: d3 00        	out	($0),a
;     port_out(crt_param, CFG.par[2]);   /* lines/char + underline */
     377: 3a 22 d5     	ld	a,($d522)               ; 0xd522 <__boot_end+0xd0ce>
; DEFPORT(crt_param,    PORT_CRT_PARAM)
     37a: d3 00        	out	($0),a
;     port_out(crt_param, CFG.par[3]);   /* cursor format */
     37c: 3a 23 d5     	ld	a,($d523)               ; 0xd523 <__boot_end+0xd0cf>
; DEFPORT(crt_param,    PORT_CRT_PARAM)
     37f: d3 00        	out	($0),a
; DEFPORT(crt_cmd,      PORT_CRT_CMD)
     381: 3e 80        	ld	a,$80
     383: d3 01        	out	($1),a
; DEFPORT(crt_param,    PORT_CRT_PARAM)
     385: af           	xor	a
     386: d3 00        	out	($0),a
     388: d3 00        	out	($0),a
; DEFPORT(crt_cmd,      PORT_CRT_CMD)
     38a: 3e e0        	ld	a,$e0
     38c: d3 01        	out	($1),a
     38e: 3e 23        	ld	a,$23
     390: d3 01        	out	($1),a
;     wr5a = CFG.sioa[6] & 0x60;  /* SIO-A bits/char from WR5 */
     392: 3a 0e d5     	ld	a,($d50e)               ; 0xd50e <__boot_end+0xd0ba>
     395: e6 60        	and	$60
     397: 32 34 da     	ld	($da34),a               ; 0xda34 <_bios_jump_vector_table+0x34>
;     wr5b = CFG.siob[6] & 0x60;  /* SIO-B bits/char from WR5 (test console order) */
     39a: 3a 17 d5     	ld	a,($d517)               ; 0xd517 <__boot_end+0xd0c3>
     39d: e6 60        	and	$60
     39f: 32 35 da     	ld	($da35),a               ; 0xda35 <_bios_jump_vector_table+0x35>
;     adrmod = xyflg;              /* copy addressing mode (via CFG macro) */
     3a2: 3a 2c d5     	ld	a,($d52c)               ; 0xd52c <__boot_end+0xd0d8>
     3a5: 32 33 da     	ld	($da33),a               ; 0xda33 <_bios_jump_vector_table+0x33>
;     stptim_var = CFG.stptim;
     3a8: 2a 2d d5     	ld	hl,($d52d)              ; 0xd52d <__boot_end+0xd0d9>
     3ab: 22 ea ff     	ld	($ffea),hl              ; 0xffea <__sfrend_isr_sio_b_tx+0xc08>
;         memcpy((void *)fd0, (const void *)CFG.infd, sizeof(fd0));
     3ae: 21 10 00     	ld	hl,$10
     3b1: e5           	push	hl
     3b2: 21 37 da     	ld	hl,$da37
     3b5: 11 2f d5     	ld	de,$d52f
     3b8: cd 5b db     	call	$db5b
     3bb: 0e 00        	ld	c,$0
;     memset((void *)(WORK_ADDR + 1), 0, 0xFFFF - WORK_ADDR);
     3bd: 11 00 00     	ld	de,$0
;         max_drive_num = 0;
     3c0: af           	xor	a
     3c1: 32 03 ef     	ld	($ef03),a               ; 0xef03 <_max_drive_num>
;         for (d = 0; d < 16; d++) {
     3c4: 7b           	ld	a,e
     3c5: fe 10        	cp	$10
     3c7: 28 12        	jr	z,$3db
;             if (fd0[d] == 0xFF)
     3c9: 21 37 da     	ld	hl,$da37
     3cc: 19           	add	hl,de
     3cd: 7e           	ld	a,(hl)
     3ce: 3c           	inc	a
     3cf: 28 0a        	jr	z,$3db
;             max_drive_num = d;
     3d1: 6b           	ld	l,e
     3d2: 62           	ld	h,d
     3d3: 4d           	ld	c,l
     3d4: 7b           	ld	a,e
     3d5: 32 03 ef     	ld	($ef03),a               ; 0xef03 <_max_drive_num>
;         for (d = 0; d < 16; d++) {
     3d8: 13           	inc	de
     3d9: 18 e9        	jr	$3c4
;             dph_table[0] = dph0;
     3db: 21 66 eb     	ld	hl,$eb66
     3de: 11 16 ef     	ld	de,$ef16
     3e1: 79           	ld	a,c
;             dph_table[0] = dph0;
     3e2: 01 10 00     	ld	bc,$10
     3e5: ed b0        	ldir
;             if (max_drive_num >= 1)
     3e7: b7           	or	a
     3e8: 28 0b        	jr	z,$3f5
;                 dph_table[1] = dph1;
     3ea: 21 76 eb     	ld	hl,$eb76
     3ed: 11 26 ef     	ld	de,$ef26
     3f0: 01 10 00     	ld	bc,$10
     3f3: ed b0        	ldir
;         hostbuf_valid = 0;
     3f5: af           	xor	a
     3f6: 32 f2 ec     	ld	($ecf2),a               ; 0xecf2 <_wb+0x7>
;         hostbuf_dirty = 0;
     3f9: 32 f3 ec     	ld	($ecf3),a               ; 0xecf3 <_wb+0x8>
;         unalloc_count = 0;
     3fc: 32 f5 ec     	ld	($ecf5),a               ; 0xecf5 <_unalloc_count>
;         disk_error = 0;
     3ff: 32 f4 ec     	ld	($ecf4),a               ; 0xecf4 <_wb+0x9>
;         current_format_idx = 0xFF;       /* force format reload on first SELDSK */
     402: 3e ff        	ld	a,$ff
     404: 32 04 ef     	ld	($ef04),a               ; 0xef04 <_current_format_idx>
;         last_seek_disk = 0xFF;      /* force seek on first access */
     407: 32 fe ee     	ld	($eefe),a               ; 0xeefe <_last_seek_disk>
; }
     40a: c9           	ret

0000040b <_setup_ivt>:
;     memcpy((void *)IVT_ADDR, ivt_template, sizeof(ivt_template));
     40b: 21 24 00     	ld	hl,$24
     40e: e5           	push	hl
     40f: 21 00 f6     	ld	hl,$f600
     412: 11 20 04     	ld	de,$420
     415: cd 5b db     	call	$db5b
;     set_i_reg(IVT_ADDR >> 8);
     418: 3e f6        	ld	a,$f6
     41a: cd ed da     	call	$daed
; static __inline__ void intrinsic_im_2(void) { __builtin_z80_im2(); }
     41d: ed 5e        	im	2
; }
     41f: c9           	ret

00000420 <_ivt_template>:
     420: 4a ea 4a ea f0 da 09 db         J.J.....
     428: 4d ea 4a ea 4a ea 4a ea         M.J.J.J.
     430: 50 ea 5e ea 6c ea a7 ea         P.^.l...
     438: c0 ea ce ea 3b db 0c eb         ....;...
     440: 22 db 25 eb                     ".%.

00000444 <_coldboot>:
     444: f3           	di
     445: cd 80 02     	call	$280
     448: cd b7 02     	call	$2b7
     44b: cd c8 02     	call	$2c8
     44e: 31 00 f5     	ld	sp,$f500
     451: c3 d1 db     	jp	$dbd1

Disassembly of section .text:

0000da71 <_bios_boot_shim>:
    da71: 31 00 f5     	ld	sp,$f500
    da74: c3 d1 db     	jp	$dbd1

0000da77 <_bios_wboot_shim>:
    da77: 31 00 f5     	ld	sp,$f500
    da7a: c3 3b dc     	jp	$dc3b

0000da7d <_jump_ccp>:
    da7d: 4f           	ld	c,a
    da7e: c3 00 c4     	jp	$c400

0000da81 <_bios_conout_shim>:
    da81: 79           	ld	a,c
    da82: c3 b4 e0     	jp	$e0b4

0000da85 <_bios_list_shim>:
    da85: 79           	ld	a,c
    da86: c3 99 e4     	jp	$e499

0000da89 <_bios_write_shim>:
    da89: 79           	ld	a,c
    da8a: c3 01 e8     	jp	$e801

0000da8d <_bios_punch_shim>:
    da8d: e5           	push	hl
    da8e: 79           	ld	a,c
    da8f: cd 43 e7     	call	$e743
    da92: e1           	pop	hl
    da93: c9           	ret

0000da94 <_bios_settrk_shim>:
    da94: ed 43 f9 ec  	ld	($ecf9),bc              ; 0xecf9 <_cpm_track>
    da98: c9           	ret

0000da99 <_bios_setsec_shim>:
    da99: ed 43 fb ec  	ld	($ecfb),bc              ; 0xecfb <_cpm_sector>
    da9d: c9           	ret

0000da9e <_bios_setdma_shim>:
    da9e: ed 43 f7 ec  	ld	($ecf7),bc              ; 0xecf7 <_cpm_dma_addr>
    daa2: c9           	ret

0000daa3 <_bios_seldsk_shim>:
    daa3: 79           	ld	a,c
    daa4: cd a6 dc     	call	$dca6
    daa7: eb           	ex	de,hl
    daa8: c9           	ret

0000daa9 <_bios_sectran_shim>:
    daa9: 60           	ld	h,b
    daaa: 69           	ld	l,c
    daab: c9           	ret

0000daac <_bios_reader_shim>:
    daac: e5           	push	hl
    daad: cd 6b e7     	call	$e76b
    dab0: e1           	pop	hl
    dab1: 4f           	ld	c,a
    dab2: c9           	ret

0000dab3 <_bios_reads_shim>:
    dab3: e5           	push	hl
    dab4: cd d5 e7     	call	$e7d5
    dab7: e1           	pop	hl
    dab8: 4f           	ld	c,a
    dab9: c9           	ret

0000daba <_bios_wfitr_shim>:
    daba: cd c0 db     	call	$dbc0
    dabd: 3a 9e f0     	ld	a,($f09e)               ; 0xf09e <_fdc_result>
    dac0: 47           	ld	b,a
    dac1: 3a 9f f0     	ld	a,($f09f)               ; 0xf09f <_fdc_result+0x1>
    dac4: 4f           	ld	c,a
    dac5: c9           	ret

0000dac6 <_bios_linsel_shim>:
    dac6: 32 37 ef     	ld	($ef37),a               ; 0xef37 <_ls_port>
    dac9: 78           	ld	a,b
    daca: 32 36 ef     	ld	($ef36),a               ; 0xef36 <_ls_line>
    dacd: c3 d4 e8     	jp	$e8d4

0000dad0 <_bios_exit_shim>:
    dad0: 22 e5 ff     	ld	($ffe5),hl              ; 0xffe5 <__sfrend_isr_sio_b_tx+0xc03>
    dad3: eb           	ex	de,hl
    dad4: 22 df ff     	ld	($ffdf),hl              ; 0xffdf <__sfrend_isr_sio_b_tx+0xbfd>
    dad7: c9           	ret

0000dad8 <_bios_clock_shim>:
    dad8: b7           	or	a
    dad9: 28 0a        	jr	z,$dae5
    dadb: f3           	di
    dadc: ed 5b fc ff  	ld	de,($fffc)              ; 0xfffc <__sfrend_isr_sio_b_tx+0xc1a>
    dae0: 2a fe ff     	ld	hl,($fffe)              ; 0xfffe <__sfrend_isr_sio_b_tx+0xc1c>
    dae3: fb           	ei
    dae4: c9           	ret
    dae5: ed 53 fc ff  	ld	($fffc),de              ; 0xfffc <__sfrend_isr_sio_b_tx+0xc1a>
    dae9: 22 fe ff     	ld	($fffe),hl              ; 0xfffe <__sfrend_isr_sio_b_tx+0xc1c>
    daec: c9           	ret

0000daed <_set_i_reg>:
    daed: ed 47        	ld	i,a
    daef: c9           	ret

0000daf0 <_isr_crt_wrapper>:
    daf0: ed 73 4e ef  	ld	($ef4e),sp              ; 0xef4e <_sp_sav>
    daf4: 31 00 f6     	ld	sp,$f600
    daf7: f5           	push	af
    daf8: c5           	push	bc
    daf9: d5           	push	de
    dafa: e5           	push	hl
    dafb: cd 50 e9     	call	$e950
    dafe: e1           	pop	hl
    daff: d1           	pop	de
    db00: c1           	pop	bc
    db01: f1           	pop	af
    db02: ed 7b 4e ef  	ld	sp,($ef4e)              ; 0xef4e <_sp_sav>
    db06: fb           	ei
    db07: ed 4d        	reti

0000db09 <_isr_floppy_wrapper>:
    db09: ed 73 4e ef  	ld	($ef4e),sp              ; 0xef4e <_sp_sav>
    db0d: 31 00 f6     	ld	sp,$f600
    db10: f5           	push	af
    db11: c5           	push	bc
    db12: d5           	push	de
    db13: e5           	push	hl
    db14: cd 1a ea     	call	$ea1a
    db17: e1           	pop	hl
    db18: d1           	pop	de
    db19: c1           	pop	bc
    db1a: f1           	pop	af
    db1b: ed 7b 4e ef  	ld	sp,($ef4e)              ; 0xef4e <_sp_sav>
    db1f: fb           	ei
    db20: ed 4d        	reti

0000db22 <_isr_pio_kbd_wrapper>:
    db22: ed 73 4e ef  	ld	($ef4e),sp              ; 0xef4e <_sp_sav>
    db26: 31 00 f6     	ld	sp,$f600
    db29: f5           	push	af
    db2a: c5           	push	bc
    db2b: d5           	push	de
    db2c: e5           	push	hl
    db2d: cd f6 e9     	call	$e9f6
    db30: e1           	pop	hl
    db31: d1           	pop	de
    db32: c1           	pop	bc
    db33: f1           	pop	af
    db34: ed 7b 4e ef  	ld	sp,($ef4e)              ; 0xef4e <_sp_sav>
    db38: fb           	ei
    db39: ed 4d        	reti

0000db3b <_isr_sio_a_rx_wrapper>:
    db3b: ed 73 4e ef  	ld	($ef4e),sp              ; 0xef4e <_sp_sav>
    db3f: 31 00 f6     	ld	sp,$f600
    db42: f5           	push	af
    db43: c5           	push	bc
    db44: d5           	push	de
    db45: e5           	push	hl
    db46: cd dc ea     	call	$eadc
    db49: e1           	pop	hl
    db4a: d1           	pop	de
    db4b: c1           	pop	bc
    db4c: f1           	pop	af
    db4d: ed 7b 4e ef  	ld	sp,($ef4e)              ; 0xef4e <_sp_sav>
    db51: fb           	ei
    db52: ed 4d        	reti

0000db54 <_lddr_copy>:
    db54: fd e1        	pop	iy
    db56: c1           	pop	bc
    db57: ed b8        	lddr
    db59: fd e9        	jp	(iy)

0000db5b <_memcpy>:
    db5b: dd e5        	push	ix
    db5d: dd 21 00 00  	ld	ix,$0
    db61: dd 39        	add	ix,sp
    db63: dd 4e 04     	ld	c,(ix+$4)
    db66: dd 46 05     	ld	b,(ix+$5)
    db69: e5           	push	hl
    db6a: eb           	ex	de,hl
    db6b: 78           	ld	a,b
    db6c: b1           	or	c
    db6d: ca 72 db     	jp	z,$db72
    db70: ed b0        	ldir

0000db72 <_memcpy_done>:
    db72: d1           	pop	de
    db73: dd e1        	pop	ix
    db75: c1           	pop	bc
    db76: 33           	inc	sp
    db77: 33           	inc	sp
    db78: c5           	push	bc
    db79: c9           	ret

0000db7a <_memset>:
    db7a: dd e5        	push	ix
    db7c: dd 21 00 00  	ld	ix,$0
    db80: dd 39        	add	ix,sp
    db82: dd 4e 04     	ld	c,(ix+$4)
    db85: dd 46 05     	ld	b,(ix+$5)
    db88: e5           	push	hl
    db89: 78           	ld	a,b
    db8a: b1           	or	c
    db8b: ca 9a db     	jp	z,$db9a
    db8e: 73           	ld	(hl),e
    db8f: 0b           	dec	bc
    db90: 78           	ld	a,b
    db91: b1           	or	c
    db92: ca 9a db     	jp	z,$db9a
    db95: 54           	ld	d,h
    db96: 5d           	ld	e,l
    db97: 13           	inc	de
    db98: ed b0        	ldir

0000db9a <_memset_done>:
    db9a: d1           	pop	de
    db9b: dd e1        	pop	ix
    db9d: c1           	pop	bc
    db9e: 33           	inc	sp
    db9f: 33           	inc	sp
    dba0: c5           	push	bc
    dba1: c9           	ret

0000dba2 <___umodqi3>:
    dba2: 57           	ld	d,a
    dba3: af           	xor	a
    dba4: 06 08        	ld	b,$8

0000dba6 <___umodqi3_loop>:
    dba6: cb 22        	sla	d
    dba8: 17           	rla
    dba9: bb           	cp	e
    dbaa: 38 02        	jr	c,$dbae
    dbac: 93           	sub	e
    dbad: 14           	inc	d

0000dbae <___umodqi3_skip>:
    dbae: 10 f6        	djnz	$dba6
    dbb0: c9           	ret

0000dbb1 <__call_iy>:
    dbb1: fd e9        	jp	(iy)

0000dbb3 <_fdc_write>:
; {
    dbb3: 57           	ld	d,a
; DEFPORT(fdc_status,   PORT_FDC_STATUS)
    dbb4: db 04        	in	a,($4)
;     while ((port_in(fdc_status) & (FDC_MSR_RQM | FDC_MSR_DIO)) != FDC_MSR_RQM)  /* ready for CPU->FDC */
    dbb6: ee 80        	xor	$80
    dbb8: fe 40        	cp	$40
    dbba: 30 f8        	jr	nc,$dbb4
; DEFPORT(fdc_data,     PORT_FDC_DATA)
    dbbc: 7a           	ld	a,d
    dbbd: d3 05        	out	($5),a
; }
    dbbf: c9           	ret

0000dbc0 <_fdc_irq_wait_rearm>:
;     fdc_irq_wait();
    dbc0: cd ca db     	call	$dbca
; static __inline__ void intrinsic_di(void) { __builtin_z80_di(); }
    dbc3: f3           	di
;     fdc_irq_fired = 0;
    dbc4: af           	xor	a
    dbc5: 32 4b ef     	ld	($ef4b),a               ; 0xef4b <_fdc_irq_fired>
; static __inline__ void intrinsic_ei(void) { __builtin_z80_ei(); }
    dbc8: fb           	ei
; }
    dbc9: c9           	ret

0000dbca <_fdc_irq_wait>:
;     while (!fdc_irq_fired)
    dbca: 3a 4b ef     	ld	a,($ef4b)               ; 0xef4b <_fdc_irq_fired>
    dbcd: b7           	or	a
    dbce: 28 fa        	jr	z,$dbca
; }
    dbd0: c9           	ret

0000dbd1 <_bios_boot_c>:
; DEFPORT(sw1,          PORT_SW1)
    dbd1: db 14        	in	a,($14)
;     if ((port_in(sw1) & SW1_CONSOLE_BIT) == 0)
    dbd3: 0f           	rrca
    dbd4: 30 04        	jr	nc,$dbda
    dbd6: 3e 95        	ld	a,$95
    dbd8: 18 02        	jr	$dbdc
    dbda: 3e 97        	ld	a,$97
    dbdc: 32 03 00     	ld	($3),a                  ; 0x3 <_boot_header+0x3>
;     cdisk = 0;
    dbdf: af           	xor	a
    dbe0: 32 04 00     	ld	($4),a                  ; 0x4 <_boot_header+0x4>
;     __builtin_memset((void *)&wb, 0, sizeof(wb));
    dbe3: 21 eb ec     	ld	hl,$eceb
    dbe6: 77           	ld	(hl),a
    dbe7: 11 ec ec     	ld	de,$ecec
    dbea: 01 09 00     	ld	bc,$9
    dbed: ed b0        	ldir
; static __inline__ void intrinsic_di(void) { __builtin_z80_di(); }
    dbef: f3           	di
; DEFPORT(sio_a_ctrl,   PORT_SIO_A_CTRL)
    dbf0: 3e 05        	ld	a,$5
    dbf2: d3 0a        	out	($a),a
;     port_out(sio_a_ctrl, wr5a + 0x8A);     /* DTR=1, TX enable, RTS=1 */
    dbf4: 3a 34 da     	ld	a,($da34)               ; 0xda34 <_bios_jump_vector_table+0x34>
    dbf7: c6 8a        	add	a,$8a
; DEFPORT(sio_a_ctrl,   PORT_SIO_A_CTRL)
    dbf9: d3 0a        	out	($a),a
    dbfb: 3e 01        	ld	a,$1
    dbfd: d3 0a        	out	($a),a
    dbff: 3e 1b        	ld	a,$1b
    dc01: d3 0a        	out	($a),a
; DEFPORT(sio_b_ctrl,   PORT_SIO_B_CTRL)
    dc03: 3e 05        	ld	a,$5
    dc05: d3 0b        	out	($b),a
;     port_out(sio_b_ctrl, wr5b + 0x8A);     /* DTR=1, TX enable, RTS=1 */
    dc07: 3a 35 da     	ld	a,($da35)               ; 0xda35 <_bios_jump_vector_table+0x35>
    dc0a: c6 8a        	add	a,$8a
; DEFPORT(sio_b_ctrl,   PORT_SIO_B_CTRL)
    dc0c: d3 0b        	out	($b),a
    dc0e: 3e 01        	ld	a,$1
    dc10: d3 0b        	out	($b),a
    dc12: 3e 1f        	ld	a,$1f
    dc14: d3 0b        	out	($b),a
; static __inline__ void intrinsic_ei(void) { __builtin_z80_ei(); }
    dc16: fb           	ei
;     puts_p("\x0C"                       /* form feed = clear screen */
    dc17: 21 81 ec     	ld	hl,$ec81
    dc1a: cd 2f dc     	call	$dc2f
;     if (IOBYTE_CON(iobyte) == IOB_UC1)
    dc1d: 3a 03 00     	ld	a,($3)                  ; 0x3 <_boot_header+0x3>
    dc20: e6 03        	and	$3
    dc22: fe 03        	cp	$3
    dc24: 20 06        	jr	nz,$dc2c
;         puts_p("SIO-B debugging enabled (" SIOB_BAUD_STR " 8N1, SW1 S01=On)\r\n");
    dc26: 21 b5 ec     	ld	hl,$ecb5
    dc29: cd 2f dc     	call	$dc2f
;     wboot_c();
    dc2c: c3 3b dc     	jp	$dc3b

0000dc2f <_puts_p>:
;     while (*s)
    dc2f: 7e           	ld	a,(hl)
    dc30: 57           	ld	d,a
    dc31: b7           	or	a
    dc32: c8           	ret	z
;         bios_conout_c(*s++);
    dc33: 23           	inc	hl
    dc34: e5           	push	hl
    dc35: cd b4 e0     	call	$e0b4
    dc38: e1           	pop	hl
;     while (*s)
    dc39: 18 f4        	jr	$dc2f

0000dc3b <_wboot_c>:
; static __inline__ void intrinsic_ei(void) { __builtin_z80_ei(); }
    dc3b: fb           	ei
;     bios_seldsk_c(0);
    dc3c: af           	xor	a
    dc3d: cd a6 dc     	call	$dca6
;     unalloc_count = 0;
    dc40: af           	xor	a
    dc41: 32 f5 ec     	ld	($ecf5),a               ; 0xecf5 <_unalloc_count>
;     fdc_unit_head = 0;
    dc44: 32 f6 ec     	ld	($ecf6),a               ; 0xecf6 <_fdc_unit_head>
;     bios_home();
    dc47: cd 76 dd     	call	$dd76
;     cpm_dma_addr = CCP_BASE;
    dc4a: 21 00 c4     	ld	hl,$c400
    dc4d: 22 f7 ec     	ld	($ecf7),hl              ; 0xecf7 <_cpm_dma_addr>
;     cpm_track = 1;
    dc50: 21 01 00     	ld	hl,$1
    dc53: 22 f9 ec     	ld	($ecf9),hl              ; 0xecf9 <_cpm_track>
    dc56: 21 00 00     	ld	hl,$0
;     for (sec = 0; sec < NSECTS; sec++) {
    dc59: 7d           	ld	a,l
    dc5a: fe 2c        	cp	$2c
    dc5c: 28 18        	jr	z,$dc76
    dc5e: e5           	push	hl
;         cpm_sector = sec;
    dc5f: 22 fb ec     	ld	($ecfb),hl              ; 0xecfb <_cpm_sector>
;         if (xread()) {
    dc62: cd a3 dd     	call	$dda3
    dc65: b7           	or	a
    dc66: 20 34        	jr	nz,$dc9c
;         cpm_dma_addr += 128;
    dc68: 2a f7 ec     	ld	hl,($ecf7)              ; 0xecf7 <_cpm_dma_addr>
    dc6b: 11 80 00     	ld	de,$80
    dc6e: 19           	add	hl,de
    dc6f: 22 f7 ec     	ld	($ecf7),hl              ; 0xecf7 <_cpm_dma_addr>
    dc72: e1           	pop	hl
;     for (sec = 0; sec < NSECTS; sec++) {
    dc73: 23           	inc	hl
    dc74: 18 e3        	jr	$dc59
;     cpm_dma_addr = BDOS_DMAADDR;
    dc76: 21 80 00     	ld	hl,$80
    dc79: 22 f7 ec     	ld	($ecf7),hl              ; 0xecf7 <_cpm_dma_addr>
;     wboot_jp  = 0xC3;                        /* JP opcode */
    dc7c: 3e c3        	ld	a,$c3
    dc7e: 32 00 00     	ld	($0),a                  ; 0x0 <_boot_header>
;     bdos_jp   = 0xC3;                        /* JP opcode, here for the peep hole optimizer */
    dc81: 32 05 00     	ld	($5),a                  ; 0x5 <_boot_header+0x5>
;     wboot_vec = BIOS_BASE + 3;              /* WBOOT entry */
    dc84: 21 03 da     	ld	hl,$da03
    dc87: 22 01 00     	ld	($1),hl                 ; 0x1 <_boot_header+0x1>
;     bdos_vec  = BDOS_BASE;
    dc8a: 21 06 cc     	ld	hl,$cc06
    dc8d: 22 06 00     	ld	($6),hl                 ; 0x6 <_boot_header+0x6>
;     bios_seldsk_c(0);
    dc90: af           	xor	a
    dc91: cd a6 dc     	call	$dca6
;     jump_ccp(cdisk & 0b00001111);
    dc94: 3a 04 00     	ld	a,($4)                  ; 0x4 <_boot_header+0x4>
    dc97: e6 0f        	and	$f
    dc99: c3 7d da     	jp	$da7d
    dc9c: f1           	pop	af
;             puts_p("\r\nDisk read error - reset\r\n");
    dc9d: 21 65 ec     	ld	hl,$ec65
    dca0: cd 2f dc     	call	$dc2f
; static __inline__ void intrinsic_halt(void) { __builtin_z80_halt(); }
    dca3: 76           	halt
;             for (;;)
    dca4: 18 fd        	jr	$dca3

0000dca6 <_bios_seldsk_c>:
; {
    dca6: 57           	ld	d,a
;     drive = drv;
    dca7: 32 01 ef     	ld	($ef01),a               ; 0xef01 <_bios_seldsk_c.drive>
;     if (drive > max_drive_num)
    dcaa: 3a 03 ef     	ld	a,($ef03)               ; 0xef03 <_max_drive_num>
    dcad: 01 00 00     	ld	bc,$0
    dcb0: ba           	cp	d
    dcb1: da 73 dd     	jp	c,$dd73
;     cpm_disk = drive;
    dcb4: 7a           	ld	a,d
    dcb5: 32 fd ee     	ld	($eefd),a               ; 0xeefd <_cpm_disk>
;     fmt = fd0[drive];
    dcb8: 4a           	ld	c,d
    dcb9: 06 00        	ld	b,$0
    dcbb: 21 37 da     	ld	hl,$da37
    dcbe: 09           	add	hl,bc
    dcbf: 7e           	ld	a,(hl)
    dcc0: 57           	ld	d,a
    dcc1: 32 02 ef     	ld	($ef02),a               ; 0xef02 <_bios_seldsk_c.fmt>
;     if (fmt != current_format_idx) {
    dcc4: 21 04 ef     	ld	hl,$ef04
    dcc7: be           	cp	(hl)
    dcc8: 28 17        	jr	z,$dce1
;         if (hostbuf_dirty) {
    dcca: 3a f3 ec     	ld	a,($ecf3)               ; 0xecf3 <_wb+0x8>
    dccd: b7           	or	a
    dcce: 28 11        	jr	z,$dce1
;             wrthst();
    dcd0: cd bd de     	call	$debd
;             hostbuf_dirty = 0;
    dcd3: af           	xor	a
    dcd4: 32 f3 ec     	ld	($ecf3),a               ; 0xecf3 <_wb+0x8>
;     current_format_idx = fmt;
    dcd7: 3a 02 ef     	ld	a,($ef02)               ; 0xef02 <_bios_seldsk_c.fmt>
    dcda: 57           	ld	d,a
;         entry = &dph_table[drive];
    dcdb: 3a 01 ef     	ld	a,($ef01)               ; 0xef01 <_bios_seldsk_c.drive>
    dcde: 4f           	ld	c,a
    dcdf: 06 00        	ld	b,$0
;     current_format_idx = fmt;
    dce1: ed 43 c9 f3  	ld	($f3c9),bc              ; 0xf3c9 <__sfrend_wboot_c>
    dce5: 7a           	ld	a,d
    dce6: 32 04 ef     	ld	($ef04),a               ; 0xef04 <_current_format_idx>
;         idx = (fmt >> 3) & 3;
    dce9: 0f           	rrca
    dcea: 0f           	rrca
    dceb: 0f           	rrca
    dcec: e6 03        	and	$3
;         sp = &fspa[idx];
    dcee: 87           	add	a,a
    dcef: 87           	add	a,a
    dcf0: 87           	add	a,a
    dcf1: 57           	ld	d,a
    dcf2: 87           	add	a,a
    dcf3: 4f           	ld	c,a
    dcf4: 06 00        	ld	b,$0
    dcf6: 21 25 ec     	ld	hl,$ec25
    dcf9: 09           	add	hl,bc
    dcfa: 4d           	ld	c,l
    dcfb: 44           	ld	b,h
    dcfc: 22 05 ef     	ld	($ef05),hl              ; 0xef05 <_bios_seldsk_c.sp>
;         current_format = &fdf[idx];
    dcff: 5a           	ld	e,d
    dd00: 16 00        	ld	d,$0
    dd02: 21 05 ec     	ld	hl,$ec05
    dd05: 19           	add	hl,de
    dd06: 22 07 ef     	ld	($ef07),hl              ; 0xef07 <_current_format>
    dd09: 11 05 00     	ld	de,$5
;         track0_sectors_per_side = current_format->eot;
    dd0c: 19           	add	hl,de
    dd0d: 7e           	ld	a,(hl)
    dd0e: 32 09 ef     	ld	($ef09),a               ; 0xef09 <_track0_sectors_per_side>
;         current_dpb = sp->dpb;
    dd11: 69           	ld	l,c
    dd12: 60           	ld	h,b
    dd13: 5e           	ld	e,(hl)
    dd14: 23           	inc	hl
    dd15: 56           	ld	d,(hl)
    dd16: d5           	push	de
    dd17: eb           	ex	de,hl
    dd18: 22 0a ef     	ld	($ef0a),hl              ; 0xef0a <_current_dpb>
;         records_per_alloc_block = sp->records_per_alloc_block;
    dd1b: 59           	ld	e,c
    dd1c: 50           	ld	d,b
    dd1d: 13           	inc	de
    dd1e: 13           	inc	de
    dd1f: 1a           	ld	a,(de)
    dd20: 32 0c ef     	ld	($ef0c),a               ; 0xef0c <_records_per_alloc_block>
;         cpm_sectors_per_track = sp->cpm_sectors_per_track;
    dd23: 69           	ld	l,c
    dd24: 60           	ld	h,b
    dd25: 23           	inc	hl
    dd26: 23           	inc	hl
    dd27: 23           	inc	hl
    dd28: 5e           	ld	e,(hl)
    dd29: 23           	inc	hl
    dd2a: 56           	ld	d,(hl)
    dd2b: eb           	ex	de,hl
    dd2c: 22 0d ef     	ld	($ef0d),hl              ; 0xef0d <_cpm_sectors_per_track>
    dd2f: 11 05 00     	ld	de,$5
;         deblock_mask = sp->deblock_mask;
    dd32: 69           	ld	l,c
    dd33: 60           	ld	h,b
    dd34: 19           	add	hl,de
    dd35: 7e           	ld	a,(hl)
    dd36: 32 0f ef     	ld	($ef0f),a               ; 0xef0f <_deblock_mask>
    dd39: 11 06 00     	ld	de,$6
;         deblock_shift = sp->deblock_shift;
    dd3c: 69           	ld	l,c
    dd3d: 60           	ld	h,b
    dd3e: 19           	add	hl,de
    dd3f: 7e           	ld	a,(hl)
    dd40: 32 10 ef     	ld	($ef10),a               ; 0xef10 <_deblock_shift>
    dd43: 11 07 00     	ld	de,$7
;         sector_xlate = sp->sector_xlate;
    dd46: 69           	ld	l,c
    dd47: 60           	ld	h,b
    dd48: 19           	add	hl,de
    dd49: 5e           	ld	e,(hl)
    dd4a: 23           	inc	hl
    dd4b: 56           	ld	d,(hl)
    dd4c: eb           	ex	de,hl
    dd4d: 22 11 ef     	ld	($ef11),hl              ; 0xef11 <_sector_xlate>
    dd50: 11 09 00     	ld	de,$9
;         fdc_data_length = sp->fdc_data_length;
    dd53: 69           	ld	l,c
    dd54: 60           	ld	h,b
    dd55: 19           	add	hl,de
    dd56: 7e           	ld	a,(hl)
    dd57: 32 13 ef     	ld	($ef13),a               ; 0xef13 <_fdc_data_length>
;         entry = &dph_table[drive];
    dd5a: 2a c9 f3     	ld	hl,($f3c9)              ; 0xf3c9 <__sfrend_wboot_c>
    dd5d: 29           	add	hl,hl
    dd5e: 29           	add	hl,hl
    dd5f: 29           	add	hl,hl
    dd60: 29           	add	hl,hl
    dd61: eb           	ex	de,hl
    dd62: 21 16 ef     	ld	hl,$ef16
    dd65: 19           	add	hl,de
    dd66: 4d           	ld	c,l
    dd67: 44           	ld	b,h
    dd68: 22 14 ef     	ld	($ef14),hl              ; 0xef14 <_bios_seldsk_c.entry>
    dd6b: 11 0a 00     	ld	de,$a
;         entry->dpb = current_dpb;
    dd6e: 19           	add	hl,de
    dd6f: d1           	pop	de
    dd70: 73           	ld	(hl),e
    dd71: 23           	inc	hl
    dd72: 72           	ld	(hl),d
; }
    dd73: 59           	ld	e,c
    dd74: 50           	ld	d,b
    dd75: c9           	ret

0000dd76 <_bios_home>:
;     if (hostbuf_dirty) {
    dd76: 3a f3 ec     	ld	a,($ecf3)               ; 0xecf3 <_wb+0x8>
    dd79: b7           	or	a
    dd7a: 28 05        	jr	z,$dd81
;         wrthst();
    dd7c: cd bd de     	call	$debd
;     } else {
    dd7f: 18 04        	jr	$dd85
;         hostbuf_valid = 0;
    dd81: af           	xor	a
    dd82: 32 f2 ec     	ld	($ecf2),a               ; 0xecf2 <_wb+0x7>
;     fdstar();
    dd85: cd 46 e0     	call	$e046
;     fdc_unit_head = cpm_disk;
    dd88: 3a fd ee     	ld	a,($eefd)               ; 0xeefd <_cpm_disk>
    dd8b: 32 f6 ec     	ld	($ecf6),a               ; 0xecf6 <_fdc_unit_head>
;     last_seek_disk = cpm_disk;
    dd8e: 32 fe ee     	ld	($eefe),a               ; 0xeefe <_last_seek_disk>
;     last_seek_track = 0;
    dd91: 21 00 00     	ld	hl,$0
    dd94: 22 ff ee     	ld	($eeff),hl              ; 0xeeff <_last_seek_track>
; static __inline__ void intrinsic_di(void) { __builtin_z80_di(); }
    dd97: f3           	di
;     fdc_irq_fired = 0;
    dd98: af           	xor	a
    dd99: 32 4b ef     	ld	($ef4b),a               ; 0xef4b <_fdc_irq_fired>
; static __inline__ void intrinsic_ei(void) { __builtin_z80_ei(); }
    dd9c: fb           	ei
;     fdc_recalibrate();
    dd9d: cd 69 e0     	call	$e069
;     fdc_irq_wait_rearm();
    dda0: c3 c0 db     	jp	$dbc0

0000dda3 <_xread>:
;     unalloc_count = 0;
    dda3: af           	xor	a
    dda4: 32 f5 ec     	ld	($ecf5),a               ; 0xecf5 <_unalloc_count>
;     is_read = 1;
    dda7: 3e 01        	ld	a,$1
    dda9: 32 bb f3     	ld	($f3bb),a               ; 0xf3bb <_is_read>
;     need_pre_read = 1;
    ddac: 32 bc f3     	ld	($f3bc),a               ; 0xf3bc <_need_pre_read>
;     write_type = WRUAL;
    ddaf: 3e 02        	ld	a,$2
    ddb1: 32 bd f3     	ld	($f3bd),a               ; 0xf3bd <_write_type>
;     return rwoper();
    ddb4: c3 b7 dd     	jp	$ddb7

0000ddb7 <_rwoper>:
;     cpm_sector_as_host = (byte)(cpm_sector >> (byte)(deblock_shift - 1));
    ddb7: 2a fb ec     	ld	hl,($ecfb)              ; 0xecfb <_cpm_sector>
    ddba: 3a 10 ef     	ld	a,($ef10)               ; 0xef10 <_deblock_shift>
    ddbd: 3d           	dec	a
    ddbe: 47           	ld	b,a
    ddbf: 04           	inc	b
    ddc0: 05           	dec	b
    ddc1: 28 06        	jr	z,$ddc9
    ddc3: cb 3c        	srl	h
    ddc5: cb 1d        	rr	l
    ddc7: 10 fa        	djnz	$ddc3
    ddc9: 55           	ld	d,l
    ddca: 7d           	ld	a,l
    ddcb: 32 be f3     	ld	($f3be),a               ; 0xf3be <_cpm_sector_as_host>
;     if (hostbuf_valid) {
    ddce: 3a f2 ec     	ld	a,($ecf2)               ; 0xecf2 <_wb+0x7>
    ddd1: 67           	ld	h,a
;     hostbuf_disk = cpm_disk;
    ddd2: 3a fd ee     	ld	a,($eefd)               ; 0xeefd <_cpm_disk>
    ddd5: 5f           	ld	e,a
;     if (hostbuf_valid) {
    ddd6: 7c           	ld	a,h
    ddd7: b7           	or	a
    ddd8: 28 2f        	jr	z,$de09
;         if (cpm_disk == hostbuf_disk && hostbuf_track == cpm_track && cpm_sector_as_host == hostbuf_sector)
    ddda: 21 ae f1     	ld	hl,$f1ae
    dddd: 7b           	ld	a,e
    ddde: be           	cp	(hl)
    dddf: 20 17        	jr	nz,$ddf8
    dde1: 2a b0 f1     	ld	hl,($f1b0)              ; 0xf1b0 <_hostbuf_track>
    dde4: 4d           	ld	c,l
    dde5: 44           	ld	b,h
    dde6: 2a f9 ec     	ld	hl,($ecf9)              ; 0xecf9 <_cpm_track>
    dde9: 78           	ld	a,b
    ddea: ac           	xor	h
    ddeb: 67           	ld	h,a
    ddec: 79           	ld	a,c
    dded: ad           	xor	l
    ddee: b4           	or	h
    ddef: 20 07        	jr	nz,$ddf8
    ddf1: 21 ad f1     	ld	hl,$f1ad
    ddf4: 7a           	ld	a,d
    ddf5: be           	cp	(hl)
    ddf6: 28 42        	jr	z,$de3a
;         if (hostbuf_dirty)
    ddf8: 3a f3 ec     	ld	a,($ecf3)               ; 0xecf3 <_wb+0x8>
    ddfb: b7           	or	a
    ddfc: 28 0b        	jr	z,$de09
;             wrthst();
    ddfe: cd bd de     	call	$debd
;     hostbuf_disk = cpm_disk;
    de01: 3a fd ee     	ld	a,($eefd)               ; 0xeefd <_cpm_disk>
    de04: 5f           	ld	e,a
;     hostbuf_sector = cpm_sector_as_host;
    de05: 3a be f3     	ld	a,($f3be)               ; 0xf3be <_cpm_sector_as_host>
    de08: 57           	ld	d,a
;     hostbuf_valid = 1;
    de09: 3e 01        	ld	a,$1
    de0b: 32 f2 ec     	ld	($ecf2),a               ; 0xecf2 <_wb+0x7>
;     hostbuf_disk = cpm_disk;
    de0e: 7b           	ld	a,e
    de0f: 32 ae f1     	ld	($f1ae),a               ; 0xf1ae <_hostbuf_disk>
;     hostbuf_track = cpm_track;
    de12: 2a f9 ec     	ld	hl,($ecf9)              ; 0xecf9 <_cpm_track>
    de15: 22 b0 f1     	ld	($f1b0),hl              ; 0xf1b0 <_hostbuf_track>
;     hostbuf_sector = cpm_sector_as_host;
    de18: 7a           	ld	a,d
    de19: 32 ad f1     	ld	($f1ad),a               ; 0xf1ad <_hostbuf_sector>
;     if (need_pre_read)
    de1c: 3a bc f3     	ld	a,($f3bc)               ; 0xf3bc <_need_pre_read>
    de1f: b7           	or	a
    de20: 28 14        	jr	z,$de36
;     if (unalloc_mask)
    de22: 3a bf f3     	ld	a,($f3bf)               ; 0xf3bf <_unalloc_mask>
    de25: b7           	or	a
    de26: 20 04        	jr	nz,$de2c
;         unalloc_count = 0;
    de28: af           	xor	a
    de29: 32 f5 ec     	ld	($ecf5),a               ; 0xecf5 <_unalloc_count>
;     chktrk();
    de2c: cd c7 de     	call	$dec7
;     sec_rw(6, 0);               /* READ DATA, FDC→mem */
    de2f: 3e 06        	ld	a,$6
    de31: 2e 00        	ld	l,$0
    de33: cd 4b df     	call	$df4b
;     hostbuf_dirty = 0;
    de36: af           	xor	a
    de37: 32 f3 ec     	ld	($ecf3),a               ; 0xecf3 <_wb+0x8>
;     if (is_read) {
    de3a: 3a bb f3     	ld	a,($f3bb)               ; 0xf3bb <_is_read>
    de3d: ee 01        	xor	$1
    de3f: 20 29        	jr	nz,$de6a
;         memcpy(cpm_dma_addr, &hstbuf[(word)(cpm_sector & deblock_mask) << 7], 128);
    de41: 2a f7 ec     	ld	hl,($ecf7)              ; 0xecf7 <_cpm_dma_addr>
    de44: e5           	push	hl
    de45: fd e1        	pop	iy
    de47: 2a fb ec     	ld	hl,($ecfb)              ; 0xecfb <_cpm_sector>
    de4a: 4d           	ld	c,l
    de4b: 44           	ld	b,h
    de4c: 21 0f ef     	ld	hl,$ef0f
    de4f: 79           	ld	a,c
    de50: a6           	and	(hl)
    de51: 6f           	ld	l,a
    de52: 26 00        	ld	h,$0
    de54: 29           	add	hl,hl
    de55: 29           	add	hl,hl
    de56: 29           	add	hl,hl
    de57: 29           	add	hl,hl
    de58: 29           	add	hl,hl
    de59: 29           	add	hl,hl
    de5a: 29           	add	hl,hl
    de5b: eb           	ex	de,hl
    de5c: 21 b3 f1     	ld	hl,$f1b3
    de5f: 19           	add	hl,de
    de60: eb           	ex	de,hl
    de61: 21 80 00     	ld	hl,$80
    de64: e5           	push	hl
    de65: fd e5        	push	iy
    de67: e1           	pop	hl
    de68: 18 29        	jr	$de93
;         hostbuf_dirty = 1;
    de6a: 3e 01        	ld	a,$1
    de6c: 32 f3 ec     	ld	($ecf3),a               ; 0xecf3 <_wb+0x8>
;         memcpy(&hstbuf[(word)(cpm_sector & deblock_mask) << 7], cpm_dma_addr, 128);
    de6f: 2a fb ec     	ld	hl,($ecfb)              ; 0xecfb <_cpm_sector>
    de72: eb           	ex	de,hl
    de73: 21 0f ef     	ld	hl,$ef0f
    de76: 7b           	ld	a,e
    de77: a6           	and	(hl)
    de78: 6f           	ld	l,a
    de79: 26 00        	ld	h,$0
    de7b: 29           	add	hl,hl
    de7c: 29           	add	hl,hl
    de7d: 29           	add	hl,hl
    de7e: 29           	add	hl,hl
    de7f: 29           	add	hl,hl
    de80: 29           	add	hl,hl
    de81: 29           	add	hl,hl
    de82: eb           	ex	de,hl
    de83: 21 b3 f1     	ld	hl,$f1b3
    de86: 19           	add	hl,de
    de87: 4d           	ld	c,l
    de88: 44           	ld	b,h
    de89: 2a f7 ec     	ld	hl,($ecf7)              ; 0xecf7 <_cpm_dma_addr>
    de8c: eb           	ex	de,hl
    de8d: 21 80 00     	ld	hl,$80
    de90: e5           	push	hl
    de91: 69           	ld	l,c
    de92: 60           	ld	h,b
    de93: cd 5b db     	call	$db5b
;     if (disk_error) {
    de96: 3a f4 ec     	ld	a,($ecf4)               ; 0xecf4 <_wb+0x9>
    de99: b7           	or	a
    de9a: 28 04        	jr	z,$dea0
;         hostbuf_valid = 0;
    de9c: af           	xor	a
    de9d: 32 f2 ec     	ld	($ecf2),a               ; 0xecf2 <_wb+0x7>
;     if (write_type == WRDIR && !disk_error) {
    dea0: 3a bd f3     	ld	a,($f3bd)               ; 0xf3bd <_write_type>
    dea3: 3d           	dec	a
    dea4: 20 0d        	jr	nz,$deb3
    dea6: 3a f4 ec     	ld	a,($ecf4)               ; 0xecf4 <_wb+0x9>
    dea9: b7           	or	a
    deaa: 20 07        	jr	nz,$deb3
;         hostbuf_dirty = 0;
    deac: af           	xor	a
    dead: 32 f3 ec     	ld	($ecf3),a               ; 0xecf3 <_wb+0x8>
;         wrthst();
    deb0: cd bd de     	call	$debd
;         byte err = disk_error;
    deb3: 3a f4 ec     	ld	a,($ecf4)               ; 0xecf4 <_wb+0x9>
    deb6: 57           	ld	d,a
;         disk_error = 0;
    deb7: af           	xor	a
    deb8: 32 f4 ec     	ld	($ecf4),a               ; 0xecf4 <_wb+0x9>
;         return err;
    debb: 7a           	ld	a,d
    debc: c9           	ret

0000debd <_wrthst>:
;     chktrk();
    debd: cd c7 de     	call	$dec7
;     sec_rw(5, 1);               /* WRITE DATA, mem→FDC */
    dec0: 3e 05        	ld	a,$5
    dec2: 2e 01        	ld	l,$1
    dec4: c3 4b df     	jp	$df4b

0000dec7 <_chktrk>:
;     sec = (byte)hostbuf_sector;
    dec7: 3a ad f1     	ld	a,($f1ad)               ; 0xf1ad <_hostbuf_sector>
    deca: 5f           	ld	e,a
;     ev = track0_sectors_per_side;
    decb: 3a 09 ef     	ld	a,($ef09)               ; 0xef09 <_track0_sectors_per_side>
    dece: 67           	ld	h,a
;     fdc_unit_head = hostbuf_disk;
    decf: 3a ae f1     	ld	a,($f1ae)               ; 0xf1ae <_hostbuf_disk>
    ded2: 57           	ld	d,a
    ded3: 32 f6 ec     	ld	($ecf6),a               ; 0xecf6 <_fdc_unit_head>
;     if (sec >= ev) {
    ded6: 7b           	ld	a,e
    ded7: bc           	cp	h
    ded8: 38 09        	jr	c,$dee3
;         fdc_unit_head |= 4;
    deda: 7a           	ld	a,d
    dedb: f6 04        	or	$4
    dedd: 32 f6 ec     	ld	($ecf6),a               ; 0xecf6 <_fdc_unit_head>
;         sec -= ev;
    dee0: 7b           	ld	a,e
    dee1: 94           	sub	h
    dee2: 5f           	ld	e,a
;     tp = sector_xlate;
    dee3: 2a 11 ef     	ld	hl,($ef11)              ; 0xef11 <_sector_xlate>
;     fdc_sector = tp[sec];
    dee6: 4b           	ld	c,e
    dee7: 06 00        	ld	b,$0
    dee9: 09           	add	hl,bc
    deea: 7e           	ld	a,(hl)
    deeb: 32 af f1     	ld	($f1af),a               ; 0xf1af <_fdc_sector>
;     fdc_track = (byte)hostbuf_track;
    deee: 2a b0 f1     	ld	hl,($f1b0)              ; 0xf1b0 <_hostbuf_track>
    def1: 4d           	ld	c,l
    def2: 44           	ld	b,h
    def3: 7d           	ld	a,l
    def4: 32 b2 f1     	ld	($f1b2),a               ; 0xf1b2 <_fdc_track>
;     fdc_dma_addr = &hstbuf[0];
    def7: 21 b3 f1     	ld	hl,$f1b3
    defa: 22 b3 f3     	ld	($f3b3),hl              ; 0xf3b3 <_fdc_dma_addr>
;     if (hostbuf_disk == last_seek_disk && hostbuf_track == last_seek_track)
    defd: 21 fe ee     	ld	hl,$eefe
    df00: 7a           	ld	a,d
    df01: be           	cp	(hl)
    df02: 20 07        	jr	nz,$df0b
    df04: 2a ff ee     	ld	hl,($eeff)              ; 0xeeff <_last_seek_track>
    df07: a7           	and	a
    df08: ed 42        	sbc	hl,bc
    df0a: c8           	ret	z
;     last_seek_disk = hostbuf_disk;
    df0b: 32 fe ee     	ld	($eefe),a               ; 0xeefe <_last_seek_disk>
;     last_seek_track = hostbuf_track;
    df0e: 69           	ld	l,c
    df0f: 60           	ld	h,b
    df10: 22 ff ee     	ld	($eeff),hl              ; 0xeeff <_last_seek_track>
; static __inline__ void intrinsic_di(void) { __builtin_z80_di(); }
    df13: f3           	di
;     fdc_irq_fired = 0;
    df14: af           	xor	a
    df15: 32 4b ef     	ld	($ef4b),a               ; 0xef4b <_fdc_irq_fired>
; static __inline__ void intrinsic_ei(void) { __builtin_z80_ei(); }
    df18: fb           	ei
;     fdc_seek();
    df19: cd 8d e0     	call	$e08d
;     fdc_irq_wait_rearm();
    df1c: cd c0 db     	call	$dbc0
;     if (fdc_result.st0 == (FDC_ST0_SEEK_END | (fdc_unit_head & 3)))
    df1f: 3a f6 ec     	ld	a,($ecf6)               ; 0xecf6 <_fdc_unit_head>
    df22: e6 03        	and	$3
    df24: f6 20        	or	$20
    df26: 21 9e f0     	ld	hl,$f09e
    df29: be           	cp	(hl)
    df2a: 20 01        	jr	nz,$df2d
; }
    df2c: c9           	ret
; static __inline__ void intrinsic_di(void) { __builtin_z80_di(); }
    df2d: f3           	di
;     fdc_irq_fired = 0;
    df2e: af           	xor	a
    df2f: 32 4b ef     	ld	($ef4b),a               ; 0xef4b <_fdc_irq_fired>
; static __inline__ void intrinsic_ei(void) { __builtin_z80_ei(); }
    df32: fb           	ei
;     fdc_recalibrate();
    df33: cd 69 e0     	call	$e069
;     fdc_irq_wait_rearm();
    df36: cd c0 db     	call	$dbc0
;     fdc_sense_int();
    df39: cd 76 e0     	call	$e076
; static __inline__ void intrinsic_di(void) { __builtin_z80_di(); }
    df3c: f3           	di
;     fdc_irq_fired = 0;
    df3d: af           	xor	a
    df3e: 32 4b ef     	ld	($ef4b),a               ; 0xef4b <_fdc_irq_fired>
; static __inline__ void intrinsic_ei(void) { __builtin_z80_ei(); }
    df41: fb           	ei
;     fdc_seek();
    df42: cd 8d e0     	call	$e08d
;     fdc_irq_wait_rearm();
    df45: cd c0 db     	call	$dbc0
;     fdc_sense_int();
    df48: c3 76 e0     	jp	$e076

0000df4b <_sec_rw>:
;     s_cmd = cmd;
    df4b: 32 b5 f3     	ld	($f3b5),a               ; 0xf3b5 <_sec_rw.s_cmd>
;     s_dma_dir = dma_dir;
    df4e: 7d           	ld	a,l
    df4f: 32 b6 f3     	ld	($f3b6),a               ; 0xf3b6 <_sec_rw.s_dma_dir>
    df52: 3e 0a        	ld	a,$a
;     for (repet = 10; repet != 0; repet--) {
    df54: 32 b7 f3     	ld	($f3b7),a               ; 0xf3b7 <_sec_rw.repet>
    df57: b7           	or	a
    df58: ca 3c e0     	jp	z,$e03c
;         fdstar();
    df5b: cd 46 e0     	call	$e046
; static __inline__ void intrinsic_di(void) { __builtin_z80_di(); }
    df5e: f3           	di
;     fdc_irq_fired = 0;
    df5f: af           	xor	a
    df60: 32 4b ef     	ld	($ef4b),a               ; 0xef4b <_fdc_irq_fired>
; static __inline__ void intrinsic_ei(void) { __builtin_z80_ei(); }
    df63: fb           	ei
;         dma_count = current_format->dma_count;
    df64: 2a 07 ef     	ld	hl,($ef07)              ; 0xef07 <_current_format>
    df67: 23           	inc	hl
    df68: 5e           	ld	e,(hl)
    df69: 23           	inc	hl
    df6a: 56           	ld	d,(hl)
    df6b: eb           	ex	de,hl
    df6c: 22 b8 f3     	ld	($f3b8),hl              ; 0xf3b8 <_dma_count>
;         dma_write = s_dma_dir;
    df6f: 3a b6 f3     	ld	a,($f3b6)               ; 0xf3b6 <_sec_rw.s_dma_dir>
    df72: 32 ba f3     	ld	($f3ba),a               ; 0xf3ba <_dma_write>
; static __inline__ void intrinsic_di(void) { __builtin_z80_di(); }
    df75: f3           	di
; DEFPORT(dma_smsk,     PORT_DMA_SMSK)
    df76: 3e 05        	ld	a,$5
    df78: d3 fa        	out	($fa),a
;     port_out(dma_mode, dma_write
    df7a: 3a ba f3     	ld	a,($f3ba)               ; 0xf3ba <_dma_write>
    df7d: b7           	or	a
    df7e: 28 04        	jr	z,$df84
    df80: 3e 49        	ld	a,$49
    df82: 18 02        	jr	$df86
    df84: 3e 45        	ld	a,$45
; DEFPORT(dma_mode,     PORT_DMA_MODE)
    df86: d3 fb        	out	($fb),a
; DEFPORT(dma_clbp,     PORT_DMA_CLBP)
    df88: af           	xor	a
    df89: d3 fc        	out	($fc),a
;     hal_dma_flp_addr((word)fdc_dma_addr);
    df8b: 2a b3 f3     	ld	hl,($f3b3)              ; 0xf3b3 <_fdc_dma_addr>
    df8e: 7d           	ld	a,l
; DEFPORT(dma_flp_addr, PORT_DMA_FLP_ADDR)
    df8f: d3 f2        	out	($f2),a
;     hal_dma_flp_addr((word)fdc_dma_addr);
    df91: 2a b3 f3     	ld	hl,($f3b3)              ; 0xf3b3 <_fdc_dma_addr>
; DEFPORT(dma_flp_addr, PORT_DMA_FLP_ADDR)
    df94: 7c           	ld	a,h
    df95: d3 f2        	out	($f2),a
;     hal_dma_flp_wc(dma_count);
    df97: 2a b8 f3     	ld	hl,($f3b8)              ; 0xf3b8 <_dma_count>
    df9a: 7d           	ld	a,l
; DEFPORT(dma_flp_wc,   PORT_DMA_FLP_WC)
    df9b: d3 f3        	out	($f3),a
;     hal_dma_flp_wc(dma_count);
    df9d: 2a b8 f3     	ld	hl,($f3b8)              ; 0xf3b8 <_dma_count>
; DEFPORT(dma_flp_wc,   PORT_DMA_FLP_WC)
    dfa0: 7c           	ld	a,h
    dfa1: d3 f3        	out	($f3),a
; DEFPORT(dma_smsk,     PORT_DMA_SMSK)
    dfa3: 3e 01        	ld	a,$1
    dfa5: d3 fa        	out	($fa),a
; static __inline__ void intrinsic_ei(void) { __builtin_z80_ei(); }
    dfa7: fb           	ei
;         fdc_general_cmd(s_cmd, &current_format->mf);
    dfa8: 3a b5 f3     	ld	a,($f3b5)               ; 0xf3b5 <_sec_rw.s_cmd>
    dfab: 57           	ld	d,a
    dfac: 2a 07 ef     	ld	hl,($ef07)              ; 0xef07 <_current_format>
    dfaf: e5           	push	hl
    dfb0: 4d           	ld	c,l
    dfb1: 44           	ld	b,h
    dfb2: 03           	inc	bc
    dfb3: 03           	inc	bc
    dfb4: 03           	inc	bc
; static __inline__ void intrinsic_di(void) { __builtin_z80_di(); }
    dfb5: f3           	di
;     fdc_write(cmd + fdfp[0]);       /* command + MF flag */
    dfb6: 0a           	ld	a,(bc)
    dfb7: 82           	add	a,d
    dfb8: cd b3 db     	call	$dbb3
;     fdc_write(fdc_unit_head);              /* drive + head */
    dfbb: 3a f6 ec     	ld	a,($ecf6)               ; 0xecf6 <_fdc_unit_head>
    dfbe: 32 cb f3     	ld	($f3cb),a               ; 0xf3cb <__sfrend_bios_seldsk_c>
    dfc1: cd b3 db     	call	$dbb3
;     fdc_write(fdc_track);              /* cylinder */
    dfc4: 3a b2 f1     	ld	a,($f1b2)               ; 0xf1b2 <_fdc_track>
    dfc7: cd b3 db     	call	$dbb3
;     fdc_write((fdc_unit_head >> 2) & 3);   /* head number */
    dfca: 3a cb f3     	ld	a,($f3cb)               ; 0xf3cb <__sfrend_bios_seldsk_c>
    dfcd: 0f           	rrca
    dfce: 0f           	rrca
    dfcf: e6 03        	and	$3
    dfd1: cd b3 db     	call	$dbb3
;     fdc_write(fdc_sector);              /* sector */
    dfd4: 3a af f1     	ld	a,($f1af)               ; 0xf1af <_fdc_sector>
    dfd7: cd b3 db     	call	$dbb3
    dfda: 11 04 00     	ld	de,$4
;     fdc_write(fdfp[1]);            /* N (sector size code) */
    dfdd: e1           	pop	hl
    dfde: e5           	push	hl
    dfdf: 19           	add	hl,de
    dfe0: 7e           	ld	a,(hl)
    dfe1: cd b3 db     	call	$dbb3
    dfe4: 11 05 00     	ld	de,$5
;     fdc_write(fdfp[2]);            /* EOT (final sector) */
    dfe7: e1           	pop	hl
    dfe8: e5           	push	hl
    dfe9: 19           	add	hl,de
    dfea: 7e           	ld	a,(hl)
    dfeb: cd b3 db     	call	$dbb3
    dfee: 11 06 00     	ld	de,$6
;     fdc_write(fdfp[3]);            /* gap length */
    dff1: e1           	pop	hl
    dff2: 19           	add	hl,de
    dff3: 7e           	ld	a,(hl)
    dff4: cd b3 db     	call	$dbb3
;     fdc_write(fdc_data_length);               /* data length */
    dff7: 3a 13 ef     	ld	a,($ef13)               ; 0xef13 <_fdc_data_length>
    dffa: cd b3 db     	call	$dbb3
; static __inline__ void intrinsic_ei(void) { __builtin_z80_ei(); }
    dffd: fb           	ei
;         fdc_irq_wait();
    dffe: cd ca db     	call	$dbca
;         if (!(fdc_result.st0 & FDC_ST0_ANY_ERROR))
    e001: 3a 9e f0     	ld	a,($f09e)               ; 0xf09e <_fdc_result>
    e004: fe 08        	cp	$8
    e006: d8           	ret	c
;         if (fdc_result.st0 & FDC_ST0_NOT_READY) /* drive not ready — retry won't help */
    e007: 3a 9e f0     	ld	a,($f09e)               ; 0xf09e <_fdc_result>
    e00a: e6 08        	and	$8
    e00c: 20 2e        	jr	nz,$e03c
;         if (repet == 6) {               /* halfway (5 failures): recalibrate before retry */
    e00e: 3a b7 f3     	ld	a,($f3b7)               ; 0xf3b7 <_sec_rw.repet>
    e011: 4f           	ld	c,a
    e012: fe 06        	cp	$6
    e014: 20 22        	jr	nz,$e038
; static __inline__ void intrinsic_di(void) { __builtin_z80_di(); }
    e016: f3           	di
;     fdc_irq_fired = 0;
    e017: af           	xor	a
    e018: 32 4b ef     	ld	($ef4b),a               ; 0xef4b <_fdc_irq_fired>
; static __inline__ void intrinsic_ei(void) { __builtin_z80_ei(); }
    e01b: fb           	ei
;             fdc_recalibrate();
    e01c: cd 69 e0     	call	$e069
;             fdc_irq_wait_rearm();
    e01f: cd c0 db     	call	$dbc0
;             fdc_sense_int();
    e022: cd 76 e0     	call	$e076
; static __inline__ void intrinsic_di(void) { __builtin_z80_di(); }
    e025: f3           	di
;     fdc_irq_fired = 0;
    e026: af           	xor	a
    e027: 32 4b ef     	ld	($ef4b),a               ; 0xef4b <_fdc_irq_fired>
; static __inline__ void intrinsic_ei(void) { __builtin_z80_ei(); }
    e02a: fb           	ei
;             fdc_seek();
    e02b: cd 8d e0     	call	$e08d
;             fdc_irq_wait_rearm();
    e02e: cd c0 db     	call	$dbc0
;             fdc_sense_int();
    e031: cd 76 e0     	call	$e076
;     for (repet = 10; repet != 0; repet--) {
    e034: 3a b7 f3     	ld	a,($f3b7)               ; 0xf3b7 <_sec_rw.repet>
    e037: 4f           	ld	c,a
    e038: 3d           	dec	a
    e039: c3 54 df     	jp	$df54
;     hostbuf_valid = 0;
    e03c: af           	xor	a
    e03d: 32 f2 ec     	ld	($ecf2),a               ; 0xecf2 <_wb+0x7>
;     disk_error = 1;
    e040: 3e 01        	ld	a,$1
    e042: 32 f4 ec     	ld	($ecf4),a               ; 0xecf4 <_wb+0x9>
; }
    e045: c9           	ret

0000e046 <_fdstar>:
; DEFPORT(sw1,          PORT_SW1)
    e046: db 14        	in	a,($14)
;     if (!(port_in(sw1) & 0b10000000))    /* maxi: no motor control */
    e048: 07           	rlca
    e049: d0           	ret	nc
; static __inline__ void intrinsic_di(void) { __builtin_z80_di(); }
    e04a: f3           	di
;     if (timer2 == 0) {
    e04b: 2a e1 ff     	ld	hl,($ffe1)              ; 0xffe1 <__sfrend_isr_sio_b_tx+0xbff>
    e04e: eb           	ex	de,hl
    e04f: 3a e7 ff     	ld	a,($ffe7)               ; 0xffe7 <__sfrend_isr_sio_b_tx+0xc05>
    e052: 6f           	ld	l,a
    e053: 26 00        	ld	h,$0
    e055: 22 e1 ff     	ld	($ffe1),hl              ; 0xffe1 <__sfrend_isr_sio_b_tx+0xbff>
; static __inline__ void intrinsic_ei(void) { __builtin_z80_ei(); }
    e058: fb           	ei
;     if (timer2 == 0) {
    e059: eb           	ex	de,hl
    e05a: 7d           	ld	a,l
    e05b: b4           	or	h
    e05c: 28 01        	jr	z,$e05f
; }
    e05e: c9           	ret
; DEFPORT(sw1,          PORT_SW1)
    e05f: 3e 01        	ld	a,$1
    e061: d3 14        	out	($14),a
;         waitd(50);              /* 50 * 20ms = 1 second */
    e063: 21 32 00     	ld	hl,$32
    e066: c3 a9 e0     	jp	$e0a9

0000e069 <_fdc_recalibrate>:
;     fdc_write(0x07);            /* RECALIBRATE */
    e069: 3e 07        	ld	a,$7
    e06b: cd b3 db     	call	$dbb3
;     fdc_write(fdc_unit_head & 3);      /* drive */
    e06e: 3a f6 ec     	ld	a,($ecf6)               ; 0xecf6 <_fdc_unit_head>
    e071: e6 03        	and	$3
    e073: c3 b3 db     	jp	$dbb3

0000e076 <_fdc_sense_int>:
;     fdc_write(0x08);            /* SENSE INTERRUPT STATUS */
    e076: 3e 08        	ld	a,$8
    e078: cd b3 db     	call	$dbb3
;     fdc_result.st0 = fdc_read();
    e07b: cd a0 e0     	call	$e0a0
    e07e: 32 9e f0     	ld	($f09e),a               ; 0xf09e <_fdc_result>
;     if ((fdc_result.st0 & FDC_ST0_INTERRUPT_CODE) != FDC_ST0_IC_INVALID_CMD)
    e081: ee 80        	xor	$80
    e083: fe 40        	cp	$40
    e085: d8           	ret	c
;         fdc_result.st1 = fdc_read();
    e086: cd a0 e0     	call	$e0a0
    e089: 32 9f f0     	ld	($f09f),a               ; 0xf09f <_fdc_result+0x1>
; }
    e08c: c9           	ret

0000e08d <_fdc_seek>:
;     fdc_write(0x0F);            /* SEEK */
    e08d: 3e 0f        	ld	a,$f
    e08f: cd b3 db     	call	$dbb3
;     fdc_write(fdc_unit_head & 3);      /* drive + head */
    e092: 3a f6 ec     	ld	a,($ecf6)               ; 0xecf6 <_fdc_unit_head>
    e095: e6 03        	and	$3
    e097: cd b3 db     	call	$dbb3
;     fdc_write(fdc_track);          /* cylinder */
    e09a: 3a b2 f1     	ld	a,($f1b2)               ; 0xf1b2 <_fdc_track>
    e09d: c3 b3 db     	jp	$dbb3

0000e0a0 <_fdc_read>:
; DEFPORT(fdc_status,   PORT_FDC_STATUS)
    e0a0: db 04        	in	a,($4)
    e0a2: fe c0        	cp	$c0
    e0a4: 38 fa        	jr	c,$e0a0
; DEFPORT(fdc_data,     PORT_FDC_DATA)
    e0a6: db 05        	in	a,($5)
;     return port_in(fdc_data);
    e0a8: c9           	ret

0000e0a9 <_waitd>:
;     delay_ticks = ticks;
    e0a9: 22 e3 ff     	ld	($ffe3),hl              ; 0xffe3 <__sfrend_isr_sio_b_tx+0xc01>
;     while (delay_ticks)
    e0ac: 2a e3 ff     	ld	hl,($ffe3)              ; 0xffe3 <__sfrend_isr_sio_b_tx+0xc01>
    e0af: 7d           	ld	a,l
    e0b0: b4           	or	h
    e0b1: 20 f9        	jr	nz,$e0ac
; }
    e0b3: c9           	ret

0000e0b4 <_bios_conout_c>:
; {
    e0b4: 57           	ld	d,a
;     switch (IOBYTE_CON(iobyte)) {
    e0b5: 3a 03 00     	ld	a,($3)                  ; 0x3 <_boot_header+0x3>
    e0b8: e6 03        	and	$3
    e0ba: fe 03        	cp	$3
    e0bc: 28 0c        	jr	z,$e0ca
    e0be: fe 01        	cp	$1
    e0c0: 28 13        	jr	z,$e0d5
    e0c2: fe 02        	cp	$2
    e0c4: 20 04        	jr	nz,$e0ca
;         bios_list_body(c);
    e0c6: 7a           	ld	a,d
    e0c7: c3 99 e4     	jp	$e499
    e0ca: 7a           	ld	a,d
    e0cb: 32 ce f3     	ld	($f3ce),a               ; 0xf3ce <__sfrend_sec_rw>
    e0ce: cd ed e0     	call	$e0ed
    e0d1: 3a ce f3     	ld	a,($f3ce)               ; 0xf3ce <__sfrend_sec_rw>
    e0d4: 57           	ld	d,a
    e0d5: 7a           	ld	a,d
    e0d6: 32 da ff     	ld	($ffda),a               ; 0xffda <__sfrend_isr_sio_b_tx+0xbf8>
    e0d9: 3a d7 ff     	ld	a,($ffd7)               ; 0xffd7 <__sfrend_isr_sio_b_tx+0xbf5>
    e0dc: b7           	or	a
    e0dd: 28 03        	jr	z,$e0e2
    e0df: c3 fe e0     	jp	$e0fe
    e0e2: 7a           	ld	a,d
    e0e3: fe 20        	cp	$20
    e0e5: 30 03        	jr	nc,$e0ea
    e0e7: c3 93 e1     	jp	$e193
    e0ea: c3 2b e4     	jp	$e42b

0000e0ed <_serial_conout>:
; static void serial_conout(byte c) {
    e0ed: 57           	ld	d,a
;     while (!sio_b_tx_ready)
    e0ee: 3a e8 ec     	ld	a,($ece8)               ; 0xece8 <_sio_b_tx_ready>
    e0f1: b7           	or	a
    e0f2: 28 fa        	jr	z,$e0ee
; static __inline__ void intrinsic_di(void) { __builtin_z80_di(); }
    e0f4: f3           	di
;     sio_b_tx_ready = 0;
    e0f5: af           	xor	a
    e0f6: 32 e8 ec     	ld	($ece8),a               ; 0xece8 <_sio_b_tx_ready>
; DEFPORT(sio_b_data,   PORT_SIO_B_DATA)
    e0f9: 7a           	ld	a,d
    e0fa: d3 09        	out	($9),a
; static __inline__ void intrinsic_ei(void) { __builtin_z80_ei(); }
    e0fc: fb           	ei
; }
    e0fd: c9           	ret

0000e0fe <_xyadd>:
;     byte val = (usession & 0b01111111) - 32;
    e0fe: 3a da ff     	ld	a,($ffda)               ; 0xffda <__sfrend_isr_sio_b_tx+0xbf8>
    e101: e6 7f        	and	$7f
    e103: c6 e0        	add	a,$e0
    e105: 67           	ld	h,a
;     xflg--;
    e106: 3a d7 ff     	ld	a,($ffd7)               ; 0xffd7 <__sfrend_isr_sio_b_tx+0xbf5>
    e109: 3d           	dec	a
    e10a: 32 d7 ff     	ld	($ffd7),a               ; 0xffd7 <__sfrend_isr_sio_b_tx+0xbf5>
;     if (xflg != 0) {
    e10d: 28 05        	jr	z,$e114
;         adr0 = val;             /* save first coordinate */
    e10f: 7c           	ld	a,h
    e110: 32 de ff     	ld	($ffde),a               ; 0xffde <__sfrend_isr_sio_b_tx+0xbfc>
; }
    e113: c9           	ret
;     if (adrmod == 0) {
    e114: 3a 33 da     	ld	a,($da33)               ; 0xda33 <_bios_jump_vector_table+0x33>
    e117: 5f           	ld	e,a
    e118: 3a de ff     	ld	a,($ffde)               ; 0xffde <__sfrend_isr_sio_b_tx+0xbfc>
    e11b: 57           	ld	d,a
;     while (x_val >= SCRN_COLS) x_val -= SCRN_COLS;
    e11c: 7b           	ld	a,e
    e11d: b7           	or	a
    e11e: 6a           	ld	l,d
    e11f: 28 01        	jr	z,$e122
    e121: 6c           	ld	l,h
;     while (y_val >= SCRN_ROWS) y_val -= SCRN_ROWS;
    e122: b7           	or	a
    e123: 28 01        	jr	z,$e126
    e125: 62           	ld	h,d
    e126: 7c           	ld	a,h
    e127: 32 d1 f3     	ld	($f3d1),a               ; 0xf3d1 <__sfrend_bios_conout_c+0x2>
;     while (x_val >= SCRN_COLS) x_val -= SCRN_COLS;
    e12a: 3e 4f        	ld	a,$4f
    e12c: bd           	cp	l
    e12d: 7d           	ld	a,l
    e12e: 32 d0 f3     	ld	($f3d0),a               ; 0xf3d0 <__sfrend_bios_conout_c+0x1>
    e131: 38 02        	jr	c,$e135
    e133: 2e 4f        	ld	l,$4f
    e135: 7d           	ld	a,l
;     while (x_val >= SCRN_COLS) x_val -= SCRN_COLS;
    e136: 32 cf f3     	ld	($f3cf),a               ; 0xf3cf <__sfrend_bios_conout_c>
    e139: 1e 50        	ld	e,$50
    e13b: cd a2 db     	call	$dba2
    e13e: f5           	push	af
    e13f: 3a cf f3     	ld	a,($f3cf)               ; 0xf3cf <__sfrend_bios_conout_c>
    e142: 57           	ld	d,a
    e143: f1           	pop	af
    e144: 92           	sub	d
    e145: f5           	push	af
    e146: 3a d0 f3     	ld	a,($f3d0)               ; 0xf3d0 <__sfrend_bios_conout_c+0x1>
    e149: 57           	ld	d,a
    e14a: f1           	pop	af
    e14b: 82           	add	a,d
    e14c: 32 d0 f3     	ld	($f3d0),a               ; 0xf3d0 <__sfrend_bios_conout_c+0x1>
;     while (y_val >= SCRN_ROWS) y_val -= SCRN_ROWS;
    e14f: 3e 18        	ld	a,$18
    e151: f5           	push	af
    e152: 3a d1 f3     	ld	a,($f3d1)               ; 0xf3d1 <__sfrend_bios_conout_c+0x2>
    e155: 57           	ld	d,a
    e156: f1           	pop	af
    e157: ba           	cp	d
    e158: 38 02        	jr	c,$e15c
    e15a: 16 18        	ld	d,$18
    e15c: 7a           	ld	a,d
;     while (y_val >= SCRN_ROWS) y_val -= SCRN_ROWS;
    e15d: 32 cf f3     	ld	($f3cf),a               ; 0xf3cf <__sfrend_bios_conout_c>
    e160: 1e 19        	ld	e,$19
    e162: cd a2 db     	call	$dba2
    e165: f5           	push	af
    e166: 3a cf f3     	ld	a,($f3cf)               ; 0xf3cf <__sfrend_bios_conout_c>
    e169: 57           	ld	d,a
    e16a: f1           	pop	af
    e16b: 92           	sub	d
    e16c: f5           	push	af
    e16d: 3a d1 f3     	ld	a,($f3d1)               ; 0xf3d1 <__sfrend_bios_conout_c+0x2>
    e170: 57           	ld	d,a
    e171: f1           	pop	af
    e172: 82           	add	a,d
    e173: 57           	ld	d,a
    e174: 6f           	ld	l,a
    e175: 26 00        	ld	h,$0
;     curx = x_val;
    e177: 3a d0 f3     	ld	a,($f3d0)               ; 0xf3d0 <__sfrend_bios_conout_c+0x1>
    e17a: 32 d1 ff     	ld	($ffd1),a               ; 0xffd1 <__sfrend_isr_sio_b_tx+0xbef>
;     cursy = y_val;
    e17d: 7a           	ld	a,d
    e17e: 32 d4 ff     	ld	($ffd4),a               ; 0xffd4 <__sfrend_isr_sio_b_tx+0xbf2>
;     cury = (word)y_val * SCRN_COLS;
    e181: 5d           	ld	e,l
    e182: 54           	ld	d,h
    e183: 29           	add	hl,hl
    e184: 29           	add	hl,hl
    e185: 19           	add	hl,de
    e186: 29           	add	hl,hl
    e187: 29           	add	hl,hl
    e188: 29           	add	hl,hl
    e189: 29           	add	hl,hl
    e18a: 22 d2 ff     	ld	($ffd2),hl              ; 0xffd2 <__sfrend_isr_sio_b_tx+0xbf0>
;     cur_dirty = 1;              /* deferred to isr_crt for speed */
    e18d: 3e 01        	ld	a,$1
    e18f: 32 3a ef     	ld	($ef3a),a               ; 0xef3a <_cur_dirty>
; }
    e192: c9           	ret

0000e193 <_specc>:
;     xflg = 0;
    e193: af           	xor	a
    e194: 32 d7 ff     	ld	($ffd7),a               ; 0xffd7 <__sfrend_isr_sio_b_tx+0xbf5>
;     if (usession == 0x0D) { carriage_return(); return; }
    e197: 3a da ff     	ld	a,($ffda)               ; 0xffda <__sfrend_isr_sio_b_tx+0xbf8>
    e19a: 3d           	dec	a
    e19b: fe 1e        	cp	$1e
    e19d: 6f           	ld	l,a
    e19e: 26 00        	ld	h,$0
    e1a0: d2 16 e4     	jp	nc,$e416
    e1a3: 29           	add	hl,hl
    e1a4: eb           	ex	de,hl
    e1a5: 21 28 eb     	ld	hl,$eb28
    e1a8: 19           	add	hl,de
    e1a9: 5e           	ld	e,(hl)
    e1aa: 23           	inc	hl
    e1ab: 56           	ld	d,(hl)
    e1ac: eb           	ex	de,hl
    e1ad: e9           	jp	(hl)
    e1ae: c3 6e e5     	jp	$e56e
    e1b1: 11 00 f8     	ld	de,$f800
    e1b4: 01 00 00     	ld	bc,$0
;     for (i = 0; i < BGSTAR_SIZE; i++) {
    e1b7: 79           	ld	a,c
    e1b8: fe fa        	cp	$fa
    e1ba: 28 22        	jr	z,$e1de
;         bits = bgstar[i];
    e1bc: 21 a7 f0     	ld	hl,$f0a7
    e1bf: ed 43 d2 f3  	ld	($f3d2),bc              ; 0xf3d2 <__sfrend_xyadd>
    e1c3: 09           	add	hl,bc
    e1c4: 0e 80        	ld	c,$80
;         while (mask) {
    e1c6: 79           	ld	a,c
    e1c7: b7           	or	a
    e1c8: 28 0d        	jr	z,$e1d7
;             if (!(bits & mask))
    e1ca: a6           	and	(hl)
    e1cb: 20 03        	jr	nz,$e1d0
;                 *p = ' ';
    e1cd: 3e 20        	ld	a,$20
    e1cf: 12           	ld	(de),a
;             p++;
    e1d0: 13           	inc	de
;             mask >>= 1;
    e1d1: 79           	ld	a,c
    e1d2: cb 3f        	srl	a
    e1d4: 4f           	ld	c,a
;         while (mask) {
    e1d5: 18 ef        	jr	$e1c6
    e1d7: ed 4b d2 f3  	ld	bc,($f3d2)              ; 0xf3d2 <__sfrend_xyadd>
;     for (i = 0; i < BGSTAR_SIZE; i++) {
    e1db: 03           	inc	bc
    e1dc: 18 d9        	jr	$e1b7
    e1de: eb           	ex	de,hl
    e1df: 22 aa f1     	ld	($f1aa),hl              ; 0xf1aa <_clear_foreground.p>
    e1e2: c3 16 e4     	jp	$e416
;     curx = COLUMN0;
    e1e5: af           	xor	a
    e1e6: 32 d1 ff     	ld	($ffd1),a               ; 0xffd1 <__sfrend_isr_sio_b_tx+0xbef>
;     cur_dirty = 1;              /* deferred to isr_crt for speed */
    e1e9: c3 25 e4     	jp	$e425
;     xflg = 2;
    e1ec: 3e 02        	ld	a,$2
    e1ee: 32 d7 ff     	ld	($ffd7),a               ; 0xffd7 <__sfrend_isr_sio_b_tx+0xbf5>
;     cury = 0;
    e1f1: 21 00 00     	ld	hl,$0
    e1f4: 22 d2 ff     	ld	($ffd2),hl              ; 0xffd2 <__sfrend_isr_sio_b_tx+0xbf0>
;     curx = 0;
    e1f7: af           	xor	a
    e1f8: 32 d1 ff     	ld	($ffd1),a               ; 0xffd1 <__sfrend_isr_sio_b_tx+0xbef>
;     cursy = 0;
    e1fb: 32 d4 ff     	ld	($ffd4),a               ; 0xffd4 <__sfrend_isr_sio_b_tx+0xbf2>
; }
    e1fe: c9           	ret
;     if (usession == 0x14) { bgflg = 1; return; }
    e1ff: 3e 01        	ld	a,$1
    e201: 32 a6 f0     	ld	($f0a6),a               ; 0xf0a6 <_bgflg>
; }
    e204: c9           	ret
; DEFPORT(bell,         PORT_BELL)
    e205: af           	xor	a
    e206: d3 1c        	out	($1c),a
; }
    e208: c9           	ret
;     if (usession == 0x13) { bgflg = 2; memset(bgstar, 0, BGSTAR_SIZE); return; }
    e209: 3e 02        	ld	a,$2
    e20b: c3 6a e3     	jp	$e36a
;     if (cury != ROW24_OFFSET)
    e20e: 2a d2 ff     	ld	hl,($ffd2)              ; 0xffd2 <__sfrend_isr_sio_b_tx+0xbf0>
    e211: 4d           	ld	c,l
    e212: 44           	ld	b,h
    e213: 78           	ld	a,b
    e214: ee 07        	xor	$7
    e216: 57           	ld	d,a
    e217: 79           	ld	a,c
    e218: ee 80        	xor	$80
    e21a: b2           	or	d
    e21b: 28 19        	jr	z,$e236
;         memcpy(screen + cury, screen + cury + SCRN_COLS, ROW24_OFFSET - cury);
    e21d: 21 00 f8     	ld	hl,$f800
    e220: 09           	add	hl,bc
    e221: e5           	push	hl
    e222: fd e1        	pop	iy
    e224: 11 50 00     	ld	de,$50
    e227: 19           	add	hl,de
    e228: eb           	ex	de,hl
    e229: 21 80 07     	ld	hl,$780
    e22c: a7           	and	a
    e22d: ed 42        	sbc	hl,bc
    e22f: e5           	push	hl
    e230: fd e5        	push	iy
    e232: e1           	pop	hl
    e233: cd 5b db     	call	$db5b
;     memset(DISPLAY_ROW(ROW24), ' ', SCRN_COLS);
    e236: 21 50 00     	ld	hl,$50
    e239: e5           	push	hl
    e23a: 21 80 ff     	ld	hl,$ff80
    e23d: 11 20 00     	ld	de,$20
    e240: cd 7a db     	call	$db7a
;     if (bgflg) {
    e243: 3a a6 f0     	ld	a,($f0a6)               ; 0xf0a6 <_bgflg>
    e246: b7           	or	a
    e247: ca 16 e4     	jp	z,$e416
;         dl_off = (byte)(cury >> 3);  /* cury is row*80, /8 = row*10 */
    e24a: 2a d2 ff     	ld	hl,($ffd2)              ; 0xffd2 <__sfrend_isr_sio_b_tx+0xbf0>
    e24d: 4d           	ld	c,l
    e24e: 44           	ld	b,h
;         if (dl_bgcount)
    e24f: 79           	ld	a,c
    e250: e6 f8        	and	$f8
    e252: 5f           	ld	e,a
    e253: 78           	ld	a,b
    e254: e6 07        	and	$7
    e256: ee 07        	xor	$7
    e258: 57           	ld	d,a
    e259: 7b           	ld	a,e
    e25a: ee 80        	xor	$80
    e25c: b2           	or	d
    e25d: 28 2e        	jr	z,$e28d
;         dl_off = (byte)(cury >> 3);  /* cury is row*80, /8 = row*10 */
    e25f: cb 38        	srl	b
    e261: cb 19        	rr	c
    e263: cb 38        	srl	b
    e265: cb 19        	rr	c
    e267: cb 38        	srl	b
    e269: cb 19        	rr	c
;         dl_bgcount = BGSTAR_SIZE - BG_ROW_BYTES - dl_off;
    e26b: 21 f0 00     	ld	hl,$f0
    e26e: a7           	and	a
    e26f: ed 42        	sbc	hl,bc
    e271: eb           	ex	de,hl
;             memcpy(bgstar + dl_off, bgstar + dl_off + BG_ROW_BYTES, dl_bgcount);
    e272: 06 00        	ld	b,$0
    e274: 21 a7 f0     	ld	hl,$f0a7
    e277: 09           	add	hl,bc
    e278: e5           	push	hl
    e279: fd e1        	pop	iy
    e27b: 01 0a 00     	ld	bc,$a
    e27e: 09           	add	hl,bc
    e27f: 4d           	ld	c,l
    e280: 44           	ld	b,h
    e281: 16 00        	ld	d,$0
    e283: eb           	ex	de,hl
    e284: e5           	push	hl
    e285: fd e5        	push	iy
    e287: e1           	pop	hl
    e288: 59           	ld	e,c
    e289: 50           	ld	d,b
    e28a: cd 5b db     	call	$db5b
;         memset(bgstar + BGSTAR_SIZE - BG_ROW_BYTES, 0, BG_ROW_BYTES);
    e28d: 21 0a 00     	ld	hl,$a
    e290: e5           	push	hl
    e291: 21 97 f1     	ld	hl,$f197
    e294: c3 74 e3     	jp	$e374
;     count = ROW24_OFFSET - cury;
    e297: 2a d2 ff     	ld	hl,($ffd2)              ; 0xffd2 <__sfrend_isr_sio_b_tx+0xbf0>
    e29a: 4d           	ld	c,l
    e29b: 44           	ld	b,h
;     if (count != 0) {
    e29c: 78           	ld	a,b
    e29d: ee 07        	xor	$7
    e29f: 57           	ld	d,a
    e2a0: 79           	ld	a,c
    e2a1: ee 80        	xor	$80
    e2a3: b2           	or	d
    e2a4: 11 80 07     	ld	de,$780
    e2a7: 28 14        	jr	z,$e2bd
;     count = ROW24_OFFSET - cury;
    e2a9: 21 80 07     	ld	hl,$780
    e2ac: a7           	and	a
    e2ad: ed 42        	sbc	hl,bc
;         lddr_copy(screen + ROW24_OFFSET - 1,
    e2af: e5           	push	hl
    e2b0: 21 7f ff     	ld	hl,$ff7f
    e2b3: 11 cf ff     	ld	de,$ffcf
    e2b6: cd 54 db     	call	$db54
;     memset(screen + cury, ' ', SCRN_COLS);
    e2b9: 2a d2 ff     	ld	hl,($ffd2)              ; 0xffd2 <__sfrend_isr_sio_b_tx+0xbf0>
    e2bc: eb           	ex	de,hl
    e2bd: 21 00 f8     	ld	hl,$f800
    e2c0: 19           	add	hl,de
    e2c1: eb           	ex	de,hl
    e2c2: 21 50 00     	ld	hl,$50
    e2c5: e5           	push	hl
    e2c6: eb           	ex	de,hl
    e2c7: 11 20 00     	ld	de,$20
    e2ca: cd 7a db     	call	$db7a
;     if (bgflg) {
    e2cd: 3a a6 f0     	ld	a,($f0a6)               ; 0xf0a6 <_bgflg>
    e2d0: b7           	or	a
    e2d1: ca 16 e4     	jp	z,$e416
;         il_off = (byte)(cury >> 3);
    e2d4: 2a d2 ff     	ld	hl,($ffd2)              ; 0xffd2 <__sfrend_isr_sio_b_tx+0xbf0>
    e2d7: 5d           	ld	e,l
    e2d8: 54           	ld	d,h
    e2d9: 4d           	ld	c,l
    e2da: 44           	ld	b,h
    e2db: cb 38        	srl	b
    e2dd: cb 19        	rr	c
    e2df: cb 38        	srl	b
    e2e1: cb 19        	rr	c
    e2e3: cb 38        	srl	b
    e2e5: cb 19        	rr	c
    e2e7: 79           	ld	a,c
    e2e8: 32 a9 f1     	ld	($f1a9),a               ; 0xf1a9 <_insert_line.il_off>
;         if (il_bgcount) {
    e2eb: 7b           	ld	a,e
    e2ec: e6 f8        	and	$f8
    e2ee: 5f           	ld	e,a
    e2ef: 7a           	ld	a,d
    e2f0: e6 07        	and	$7
    e2f2: ee 07        	xor	$7
    e2f4: 57           	ld	d,a
    e2f5: 7b           	ld	a,e
    e2f6: ee 80        	xor	$80
    e2f8: b2           	or	d
    e2f9: 28 16        	jr	z,$e311
;         il_bgcount = BGSTAR_SIZE - BG_ROW_BYTES - il_off;
    e2fb: 21 f0 00     	ld	hl,$f0
    e2fe: a7           	and	a
    e2ff: ed 42        	sbc	hl,bc
;                       il_bgcount);
    e301: 26 00        	ld	h,$0
;             lddr_copy(bgstar + BGSTAR_SIZE - BG_ROW_BYTES - 1,
    e303: e5           	push	hl
    e304: 21 96 f1     	ld	hl,$f196
    e307: 11 a0 f1     	ld	de,$f1a0
    e30a: cd 54 db     	call	$db54
;         memset(bgstar + il_off, 0, BG_ROW_BYTES);
    e30d: 3a a9 f1     	ld	a,($f1a9)               ; 0xf1a9 <_insert_line.il_off>
    e310: 4f           	ld	c,a
    e311: 06 00        	ld	b,$0
;         memset(bgstar + il_off, 0, BG_ROW_BYTES);
    e313: 21 a7 f0     	ld	hl,$f0a7
    e316: 09           	add	hl,bc
    e317: eb           	ex	de,hl
    e318: 21 0a 00     	ld	hl,$a
    e31b: e5           	push	hl
    e31c: eb           	ex	de,hl
    e31d: 18 55        	jr	$e374
;     cursor_right();
    e31f: cd d1 e4     	call	$e4d1
;     cursor_right();
    e322: cd d1 e4     	call	$e4d1
;     cursor_right();
    e325: cd d1 e4     	call	$e4d1
    e328: c3 d1 e4     	jp	$e4d1
;     if (cury != ROW0_OFF) {
    e32b: 2a d2 ff     	ld	hl,($ffd2)              ; 0xffd2 <__sfrend_isr_sio_b_tx+0xbf0>
    e32e: 7d           	ld	a,l
    e32f: b4           	or	h
    e330: ca 1a e4     	jp	z,$e41a
;         rowup();
    e333: c3 9b e5     	jp	$e59b
;     cury = 0;
    e336: 21 00 00     	ld	hl,$0
    e339: 22 d2 ff     	ld	($ffd2),hl              ; 0xffd2 <__sfrend_isr_sio_b_tx+0xbf0>
;     curx = 0;
    e33c: af           	xor	a
    e33d: 32 d1 ff     	ld	($ffd1),a               ; 0xffd1 <__sfrend_isr_sio_b_tx+0xbef>
;     cursy = 0;
    e340: c3 22 e4     	jp	$e422
;     memset(screen, ' ', SCRN_SIZE);
    e343: 21 d0 07     	ld	hl,$7d0
    e346: e5           	push	hl
    e347: 21 00 f8     	ld	hl,$f800
    e34a: 11 20 00     	ld	de,$20
    e34d: cd 7a db     	call	$db7a
;     cury = 0;
    e350: 21 00 00     	ld	hl,$0
    e353: 22 d2 ff     	ld	($ffd2),hl              ; 0xffd2 <__sfrend_isr_sio_b_tx+0xbf0>
;     curx = 0;
    e356: af           	xor	a
    e357: 32 d1 ff     	ld	($ffd1),a               ; 0xffd1 <__sfrend_isr_sio_b_tx+0xbef>
;     cursy = 0;
    e35a: 32 d4 ff     	ld	($ffd4),a               ; 0xffd4 <__sfrend_isr_sio_b_tx+0xbf2>
;     cur_dirty = 1;              /* deferred to isr_crt for speed */
    e35d: 3e 01        	ld	a,$1
    e35f: 32 3a ef     	ld	($ef3a),a               ; 0xef3a <_cur_dirty>
;     if (bgflg) {
    e362: 3a a6 f0     	ld	a,($f0a6)               ; 0xf0a6 <_bgflg>
    e365: b7           	or	a
    e366: ca 16 e4     	jp	z,$e416
;         bgflg = 0;
    e369: af           	xor	a
    e36a: 32 a6 f0     	ld	($f0a6),a               ; 0xf0a6 <_bgflg>
    e36d: 21 fa 00     	ld	hl,$fa
    e370: e5           	push	hl
    e371: 21 a7 f0     	ld	hl,$f0a7
    e374: 11 00 00     	ld	de,$0
    e377: c3 7a db     	jp	$db7a
;     if (cury != ROW24_OFFSET)
    e37a: 2a d2 ff     	ld	hl,($ffd2)              ; 0xffd2 <__sfrend_isr_sio_b_tx+0xbf0>
    e37d: 7c           	ld	a,h
    e37e: ee 07        	xor	$7
    e380: 57           	ld	d,a
    e381: 7d           	ld	a,l
    e382: ee 80        	xor	$80
    e384: b2           	or	d
    e385: c2 17 e4     	jp	nz,$e417
;         scroll();
    e388: c3 15 e5     	jp	$e515
;     pos = cury + curx;
    e38b: 2a d2 ff     	ld	hl,($ffd2)              ; 0xffd2 <__sfrend_isr_sio_b_tx+0xbf0>
    e38e: 3a d1 ff     	ld	a,($ffd1)               ; 0xffd1 <__sfrend_isr_sio_b_tx+0xbef>
    e391: 5f           	ld	e,a
    e392: 16 00        	ld	d,$0
    e394: 19           	add	hl,de
    e395: 4d           	ld	c,l
    e396: 44           	ld	b,h
    e397: 22 a7 f1     	ld	($f1a7),hl              ; 0xf1a7 <_erase_to_eos.pos>
;     count = SCRN_SIZE - pos;
    e39a: 21 d0 07     	ld	hl,$7d0
    e39d: a7           	and	a
    e39e: ed 42        	sbc	hl,bc
    e3a0: eb           	ex	de,hl
;     memset(screen + pos, ' ', count);
    e3a1: 21 00 f8     	ld	hl,$f800
    e3a4: 09           	add	hl,bc
    e3a5: 4d           	ld	c,l
    e3a6: 44           	ld	b,h
    e3a7: eb           	ex	de,hl
    e3a8: e5           	push	hl
    e3a9: 69           	ld	l,c
    e3aa: 60           	ld	h,b
    e3ab: 11 20 00     	ld	de,$20
    e3ae: cd 7a db     	call	$db7a
;     if (bgflg) {
    e3b1: 3a a6 f0     	ld	a,($f0a6)               ; 0xf0a6 <_bgflg>
    e3b4: b7           	or	a
    e3b5: c8           	ret	z
;         bgcl_pos = pos;
    e3b6: 2a a7 f1     	ld	hl,($f1a7)              ; 0xf1a7 <_erase_to_eos.pos>
    e3b9: 5d           	ld	e,l
    e3ba: 54           	ld	d,h
    e3bb: 22 a1 f1     	ld	($f1a1),hl              ; 0xf1a1 <_bgcl_pos>
;         bgcl_count = SCRN_SIZE - pos;
    e3be: 21 d0 07     	ld	hl,$7d0
    e3c1: 18 4a        	jr	$e40d
;     byte *row = screen + cury;
    e3c3: 2a d2 ff     	ld	hl,($ffd2)              ; 0xffd2 <__sfrend_isr_sio_b_tx+0xbf0>
;     for (byte i = curx; i < SCRN_COLS; i++)
    e3c6: 22 d2 f3     	ld	($f3d2),hl              ; 0xf3d2 <__sfrend_xyadd>
    e3c9: 3a d1 ff     	ld	a,($ffd1)               ; 0xffd1 <__sfrend_isr_sio_b_tx+0xbef>
    e3cc: 57           	ld	d,a
    e3cd: 4f           	ld	c,a
    e3ce: 06 00        	ld	b,$0
    e3d0: 3e 50        	ld	a,$50
    e3d2: ba           	cp	d
    e3d3: 38 02        	jr	c,$e3d7
    e3d5: 16 50        	ld	d,$50
;     for (byte i = curx; i < SCRN_COLS; i++)
    e3d7: 6a           	ld	l,d
    e3d8: 26 00        	ld	h,$0
    e3da: e5           	push	hl
    e3db: fd e1        	pop	iy
    e3dd: 21 00 f8     	ld	hl,$f800
    e3e0: ed 5b d2 f3  	ld	de,($f3d2)              ; 0xf3d2 <__sfrend_xyadd>
    e3e4: 19           	add	hl,de
    e3e5: 09           	add	hl,bc
    e3e6: eb           	ex	de,hl
    e3e7: fd e5        	push	iy
    e3e9: e1           	pop	hl
    e3ea: a7           	and	a
    e3eb: ed 42        	sbc	hl,bc
    e3ed: 7d           	ld	a,l
    e3ee: b4           	or	h
    e3ef: 28 07        	jr	z,$e3f8
;         row[i] = ' ';
    e3f1: 3e 20        	ld	a,$20
    e3f3: 12           	ld	(de),a
;     for (byte i = curx; i < SCRN_COLS; i++)
    e3f4: 13           	inc	de
    e3f5: 2b           	dec	hl
    e3f6: 18 f5        	jr	$e3ed
;     if (bgflg) {
    e3f8: 3a a6 f0     	ld	a,($f0a6)               ; 0xf0a6 <_bgflg>
    e3fb: b7           	or	a
    e3fc: c8           	ret	z
;         bgcl_pos = cury + curx;
    e3fd: 2a d2 ff     	ld	hl,($ffd2)              ; 0xffd2 <__sfrend_isr_sio_b_tx+0xbf0>
    e400: 3a d1 ff     	ld	a,($ffd1)               ; 0xffd1 <__sfrend_isr_sio_b_tx+0xbef>
    e403: 5f           	ld	e,a
    e404: 16 00        	ld	d,$0
    e406: 19           	add	hl,de
    e407: 22 a1 f1     	ld	($f1a1),hl              ; 0xf1a1 <_bgcl_pos>
;         bgcl_count = SCRN_COLS - curx;
    e40a: 21 50 00     	ld	hl,$50
    e40d: a7           	and	a
    e40e: ed 52        	sbc	hl,de
    e410: 22 a3 f1     	ld	($f1a3),hl              ; 0xf1a3 <_bgcl_count>
    e413: c3 b2 e5     	jp	$e5b2
; }
    e416: c9           	ret
;         rowdn();
    e417: c3 fe e4     	jp	$e4fe
;         cury = ROW24_OFFSET;
    e41a: 21 80 07     	ld	hl,$780
    e41d: 22 d2 ff     	ld	($ffd2),hl              ; 0xffd2 <__sfrend_isr_sio_b_tx+0xbf0>
;         cursy = ROW24;
    e420: 3e 18        	ld	a,$18
    e422: 32 d4 ff     	ld	($ffd4),a               ; 0xffd4 <__sfrend_isr_sio_b_tx+0xbf2>
    e425: 3e 01        	ld	a,$1
    e427: 32 3a ef     	ld	($ef3a),a               ; 0xef3a <_cur_dirty>
; }
    e42a: c9           	ret

0000e42b <_displ>:
;     byte ch = usession;
    e42b: 3a da ff     	ld	a,($ffda)               ; 0xffda <__sfrend_isr_sio_b_tx+0xbf8>
    e42e: 57           	ld	d,a
;     locad = cury + curx;
    e42f: 2a d2 ff     	ld	hl,($ffd2)              ; 0xffd2 <__sfrend_isr_sio_b_tx+0xbf0>
    e432: 3a d1 ff     	ld	a,($ffd1)               ; 0xffd1 <__sfrend_isr_sio_b_tx+0xbef>
    e435: 4f           	ld	c,a
    e436: 06 00        	ld	b,$0
    e438: 09           	add	hl,bc
    e439: 4d           	ld	c,l
    e43a: 44           	ld	b,h
    e43b: 22 d8 ff     	ld	($ffd8),hl              ; 0xffd8 <__sfrend_isr_sio_b_tx+0xbf6>
;     if (ch >= 192)
    e43e: 3e bf        	ld	a,$bf
    e440: ba           	cp	d
    e441: 30 06        	jr	nc,$e449
;         ch -= 192;
    e443: 7a           	ld	a,d
    e444: c6 40        	add	a,$40
    e446: 57           	ld	d,a
    e447: 18 04        	jr	$e44d
;     if (ch >= 128) {
    e449: 7a           	ld	a,d
    e44a: 07           	rlca
    e44b: 38 10        	jr	c,$e45d
;     } else if (!graph) {
    e44d: 3a ac f1     	ld	a,($f1ac)               ; 0xf1ac <_graph>
    e450: b7           	or	a
    e451: 20 10        	jr	nz,$e463
;     if (ch >= 128) {
    e453: 5a           	ld	e,d
    e454: 16 00        	ld	d,$0
;         ch = outcon[ch];  /* national character conversion (CONFI.COM) */
    e456: 21 80 f6     	ld	hl,$f680
    e459: 19           	add	hl,de
    e45a: 56           	ld	d,(hl)
    e45b: 18 06        	jr	$e463
;         graph = ch & 4;         /* set/clear semigraphics mode (sticky) */
    e45d: 7a           	ld	a,d
    e45e: e6 04        	and	$4
    e460: 32 ac f1     	ld	($f1ac),a               ; 0xf1ac <_graph>
;     screen[locad] = ch;
    e463: 21 00 f8     	ld	hl,$f800
    e466: 09           	add	hl,bc
    e467: 72           	ld	(hl),d
;     if (bgflg == 2)
    e468: 3a a6 f0     	ld	a,($f0a6)               ; 0xf0a6 <_bgflg>
    e46b: fe 02        	cp	$2
    e46d: 20 27        	jr	nz,$e496
;         bg_set_bit(locad);
    e46f: 2a d8 ff     	ld	hl,($ffd8)              ; 0xffd8 <__sfrend_isr_sio_b_tx+0xbf6>
    e472: 5d           	ld	e,l
    e473: 54           	ld	d,h
    e474: 7d           	ld	a,l
;     byteoff = (byte)(pos >> 3);
    e475: cb 3a        	srl	d
    e477: cb 1b        	rr	e
    e479: cb 3a        	srl	d
    e47b: cb 1b        	rr	e
    e47d: cb 3a        	srl	d
    e47f: cb 1b        	rr	e
;     bgstar[byteoff] |= (byte)0x80 >> (byte)(pos & 7);
    e481: e6 07        	and	$7
    e483: 47           	ld	b,a
    e484: 3e 80        	ld	a,$80
    e486: 04           	inc	b
    e487: 05           	dec	b
    e488: 28 04        	jr	z,$e48e
    e48a: cb 3f        	srl	a
    e48c: 10 fc        	djnz	$e48a
    e48e: 16 00        	ld	d,$0
    e490: 21 a7 f0     	ld	hl,$f0a7
    e493: 19           	add	hl,de
    e494: b6           	or	(hl)
    e495: 77           	ld	(hl),a
;     cursor_right();
    e496: c3 d1 e4     	jp	$e4d1

0000e499 <_bios_list_body>:
; {
    e499: 57           	ld	d,a
;     switch (IOBYTE_LST(iobyte)) {
    e49a: 3a 03 00     	ld	a,($3)                  ; 0x3 <_boot_header+0x3>
    e49d: cb 3f        	srl	a
    e49f: cb 3f        	srl	a
    e4a1: cb 3f        	srl	a
    e4a3: cb 3f        	srl	a
    e4a5: cb 3f        	srl	a
    e4a7: cb 3f        	srl	a
    e4a9: fe 03        	cp	$3
    e4ab: c8           	ret	z
    e4ac: fe 01        	cp	$1
    e4ae: 28 08        	jr	z,$e4b8
    e4b0: fe 02        	cp	$2
    e4b2: 20 08        	jr	nz,$e4bc
;     case IOB_BAT:  list_lpt(c);      break;  /* LPT: SIO-A (data port) */
    e4b4: 7a           	ld	a,d
    e4b5: c3 c0 e4     	jp	$e4c0
;     case IOB_CRT:  bios_conout_c(c); break;  /* CRT: display */
    e4b8: 7a           	ld	a,d
    e4b9: c3 b4 e0     	jp	$e0b4
;     case IOB_TTY:  serial_conout(c); break;  /* TTY: SIO-B (console) */
    e4bc: 7a           	ld	a,d
    e4bd: c3 ed e0     	jp	$e0ed

0000e4c0 <_list_lpt>:
; {
    e4c0: 57           	ld	d,a
;     while (!sio_a_tx_ready)
    e4c1: 3a e7 ec     	ld	a,($ece7)               ; 0xece7 <_sio_a_tx_ready>
    e4c4: b7           	or	a
    e4c5: 28 fa        	jr	z,$e4c1
; static __inline__ void intrinsic_di(void) { __builtin_z80_di(); }
    e4c7: f3           	di
;     sio_a_tx_ready = 0;                 /* mark busy */
    e4c8: af           	xor	a
    e4c9: 32 e7 ec     	ld	($ece7),a               ; 0xece7 <_sio_a_tx_ready>
; DEFPORT(sio_a_data,   PORT_SIO_A_DATA)
    e4cc: 7a           	ld	a,d
    e4cd: d3 08        	out	($8),a
; static __inline__ void intrinsic_ei(void) { __builtin_z80_ei(); }
    e4cf: fb           	ei
; }
    e4d0: c9           	ret

0000e4d1 <_cursor_right>:
;     if (curx < COLUMN79) {
    e4d1: 3a d1 ff     	ld	a,($ffd1)               ; 0xffd1 <__sfrend_isr_sio_b_tx+0xbef>
    e4d4: fe 4f        	cp	$4f
    e4d6: 30 0a        	jr	nc,$e4e2
;         curx++;
    e4d8: 3c           	inc	a
    e4d9: 32 d1 ff     	ld	($ffd1),a               ; 0xffd1 <__sfrend_isr_sio_b_tx+0xbef>
;     cur_dirty = 1;              /* deferred to isr_crt for speed */
    e4dc: 3e 01        	ld	a,$1
    e4de: 32 3a ef     	ld	($ef3a),a               ; 0xef3a <_cur_dirty>
; }
    e4e1: c9           	ret
;         curx = COLUMN0;
    e4e2: af           	xor	a
    e4e3: 32 d1 ff     	ld	($ffd1),a               ; 0xffd1 <__sfrend_isr_sio_b_tx+0xbef>
;         if (cury != ROW24_OFFSET) {
    e4e6: 2a d2 ff     	ld	hl,($ffd2)              ; 0xffd2 <__sfrend_isr_sio_b_tx+0xbf0>
    e4e9: 7c           	ld	a,h
    e4ea: ee 07        	xor	$7
    e4ec: 57           	ld	d,a
    e4ed: 7d           	ld	a,l
    e4ee: ee 80        	xor	$80
    e4f0: b2           	or	d
    e4f1: 20 08        	jr	nz,$e4fb
;     cur_dirty = 1;              /* deferred to isr_crt for speed */
    e4f3: 3e 01        	ld	a,$1
    e4f5: 32 3a ef     	ld	($ef3a),a               ; 0xef3a <_cur_dirty>
;             scroll();
    e4f8: c3 15 e5     	jp	$e515
;             rowdn();
    e4fb: c3 fe e4     	jp	$e4fe

0000e4fe <_rowdn>:
;     cury += SCRN_COLS;
    e4fe: 2a d2 ff     	ld	hl,($ffd2)              ; 0xffd2 <__sfrend_isr_sio_b_tx+0xbf0>
    e501: 11 50 00     	ld	de,$50
    e504: 19           	add	hl,de
    e505: 22 d2 ff     	ld	($ffd2),hl              ; 0xffd2 <__sfrend_isr_sio_b_tx+0xbf0>
;     cursy++;
    e508: 3a d4 ff     	ld	a,($ffd4)               ; 0xffd4 <__sfrend_isr_sio_b_tx+0xbf2>
    e50b: 3c           	inc	a
    e50c: 32 d4 ff     	ld	($ffd4),a               ; 0xffd4 <__sfrend_isr_sio_b_tx+0xbf2>
;     cur_dirty = 1;              /* deferred to isr_crt for speed */
    e50f: 3e 01        	ld	a,$1
    e511: 32 3a ef     	ld	($ef3a),a               ; 0xef3a <_cur_dirty>
; }
    e514: c9           	ret

0000e515 <_scroll>:
;         __asm volatile(
    e515: 11 00 f8     	ld	de,$f800
    e518: 01 80 07     	ld	bc,$780
    e51b: 21 50 f8     	ld	hl,$f850
    e51e: ed a0        	ldi
    e520: ed a0        	ldi
    e522: ed a0        	ldi
    e524: ed a0        	ldi
    e526: ed a0        	ldi
    e528: ed a0        	ldi
    e52a: ed a0        	ldi
    e52c: ed a0        	ldi
    e52e: ed a0        	ldi
    e530: ed a0        	ldi
    e532: ed a0        	ldi
    e534: ed a0        	ldi
    e536: ed a0        	ldi
    e538: ed a0        	ldi
    e53a: ed a0        	ldi
    e53c: ed a0        	ldi
    e53e: ea 1e e5     	jp	pe,$e51e
;     memset((void *)0xFF80, 0x20, 80);
    e541: 21 50 00     	ld	hl,$50
    e544: e5           	push	hl
    e545: 21 80 ff     	ld	hl,$ff80
    e548: 11 20 00     	ld	de,$20
    e54b: cd 7a db     	call	$db7a
;     if (bgflg) {
    e54e: 3a a6 f0     	ld	a,($f0a6)               ; 0xf0a6 <_bgflg>
    e551: b7           	or	a
    e552: c8           	ret	z
;         memcpy(bgstar, bgstar + BG_ROW_BYTES, BGSTAR_SIZE - BG_ROW_BYTES);
    e553: 21 f0 00     	ld	hl,$f0
    e556: e5           	push	hl
    e557: 21 a7 f0     	ld	hl,$f0a7
    e55a: 11 b1 f0     	ld	de,$f0b1
    e55d: cd 5b db     	call	$db5b
;         memset(bgstar + BGSTAR_SIZE - BG_ROW_BYTES, 0, BG_ROW_BYTES);
    e560: 21 0a 00     	ld	hl,$a
    e563: e5           	push	hl
    e564: 21 97 f1     	ld	hl,$f197
    e567: 11 00 00     	ld	de,$0
    e56a: cd 7a db     	call	$db7a
; }
    e56d: c9           	ret

0000e56e <_cursor_left>:
;     if (curx != COLUMN0) {
    e56e: 3a d1 ff     	ld	a,($ffd1)               ; 0xffd1 <__sfrend_isr_sio_b_tx+0xbef>
    e571: 4f           	ld	c,a
    e572: b7           	or	a
    e573: 28 0a        	jr	z,$e57f
;         curx--;
    e575: 3d           	dec	a
    e576: 32 d1 ff     	ld	($ffd1),a               ; 0xffd1 <__sfrend_isr_sio_b_tx+0xbef>
;     cur_dirty = 1;              /* deferred to isr_crt for speed */
    e579: 3e 01        	ld	a,$1
    e57b: 32 3a ef     	ld	($ef3a),a               ; 0xef3a <_cur_dirty>
; }
    e57e: c9           	ret
;         curx = COLUMN79;
    e57f: 3e 4f        	ld	a,$4f
    e581: 32 d1 ff     	ld	($ffd1),a               ; 0xffd1 <__sfrend_isr_sio_b_tx+0xbef>
;         if (cury != ROW0_OFF) {
    e584: 2a d2 ff     	ld	hl,($ffd2)              ; 0xffd2 <__sfrend_isr_sio_b_tx+0xbf0>
    e587: 7d           	ld	a,l
    e588: b4           	or	h
    e589: 28 03        	jr	z,$e58e
;             rowup();
    e58b: c3 9b e5     	jp	$e59b
;             cury = ROW24_OFFSET;
    e58e: 21 80 07     	ld	hl,$780
    e591: 22 d2 ff     	ld	($ffd2),hl              ; 0xffd2 <__sfrend_isr_sio_b_tx+0xbf0>
;             cursy = ROW24;
    e594: 3e 18        	ld	a,$18
    e596: 32 d4 ff     	ld	($ffd4),a               ; 0xffd4 <__sfrend_isr_sio_b_tx+0xbf2>
    e599: 18 de        	jr	$e579

0000e59b <_rowup>:
;     cury -= SCRN_COLS;
    e59b: 2a d2 ff     	ld	hl,($ffd2)              ; 0xffd2 <__sfrend_isr_sio_b_tx+0xbf0>
    e59e: 11 b0 ff     	ld	de,$ffb0
    e5a1: 19           	add	hl,de
    e5a2: 22 d2 ff     	ld	($ffd2),hl              ; 0xffd2 <__sfrend_isr_sio_b_tx+0xbf0>
;     cursy--;
    e5a5: 3a d4 ff     	ld	a,($ffd4)               ; 0xffd4 <__sfrend_isr_sio_b_tx+0xbf2>
    e5a8: 3d           	dec	a
    e5a9: 32 d4 ff     	ld	($ffd4),a               ; 0xffd4 <__sfrend_isr_sio_b_tx+0xbf2>
;     cur_dirty = 1;              /* deferred to isr_crt for speed */
    e5ac: 3e 01        	ld	a,$1
    e5ae: 32 3a ef     	ld	($ef3a),a               ; 0xef3a <_cur_dirty>
; }
    e5b1: c9           	ret

0000e5b2 <_bg_clear_from>:
;     if (!bgflg)
    e5b2: 3a a6 f0     	ld	a,($f0a6)               ; 0xf0a6 <_bgflg>
    e5b5: b7           	or	a
    e5b6: ca 9b e6     	jp	z,$e69b
;     byteoff = (byte)(bgcl_pos >> 3);
    e5b9: 2a a1 f1     	ld	hl,($f1a1)              ; 0xf1a1 <_bgcl_pos>
    e5bc: 4d           	ld	c,l
    e5bd: 44           	ld	b,h
    e5be: eb           	ex	de,hl
    e5bf: cb 3a        	srl	d
    e5c1: cb 1b        	rr	e
    e5c3: cb 3a        	srl	d
    e5c5: cb 1b        	rr	e
    e5c7: cb 3a        	srl	d
    e5c9: cb 1b        	rr	e
    e5cb: 6b           	ld	l,e
    e5cc: 62           	ld	h,d
    e5cd: 55           	ld	d,l
    e5ce: 7d           	ld	a,l
    e5cf: 32 a5 f1     	ld	($f1a5),a               ; 0xf1a5 <_bg_clear_from.byteoff>
;     if (bitno) {
    e5d2: 79           	ld	a,c
    e5d3: e6 07        	and	$7
    e5d5: 4f           	ld	c,a
    e5d6: 06 00        	ld	b,$0
;     whole = (byte)(bgcl_count >> 3);
    e5d8: 2a a3 f1     	ld	hl,($f1a3)              ; 0xf1a3 <_bgcl_count>
;     if (bitno) {
    e5db: 7a           	ld	a,d
    e5dc: 32 d8 f3     	ld	($f3d8),a               ; 0xf3d8 <__sfrend_specc+0x4>
    e5df: 28 51        	jr	z,$e632
    e5e1: e5           	push	hl
;         bgstar[byteoff] &= ~((byte)0xFF >> bitno);
    e5e2: 21 00 ff     	ld	hl,$ff00
    e5e5: ed 43 d6 f3  	ld	($f3d6),bc              ; 0xf3d6 <__sfrend_specc+0x2>
    e5e9: 41           	ld	b,c
    e5ea: 04           	inc	b
    e5eb: 05           	dec	b
    e5ec: 28 06        	jr	z,$e5f4
    e5ee: cb 2c        	sra	h
    e5f0: cb 1d        	rr	l
    e5f2: 10 fa        	djnz	$e5ee
    e5f4: 4d           	ld	c,l
    e5f5: 44           	ld	b,h
    e5f6: 16 00        	ld	d,$0
    e5f8: 21 a7 f0     	ld	hl,$f0a7
    e5fb: 19           	add	hl,de
    e5fc: e5           	push	hl
    e5fd: fd e1        	pop	iy
    e5ff: 79           	ld	a,c
    e600: fd e5        	push	iy
    e602: e1           	pop	hl
    e603: a6           	and	(hl)
    e604: fd 77 00     	ld	(iy+$0),a
;         byteoff++;
    e607: 3a d8 f3     	ld	a,($f3d8)               ; 0xf3d8 <__sfrend_specc+0x4>
    e60a: 3c           	inc	a
    e60b: 32 d8 f3     	ld	($f3d8),a               ; 0xf3d8 <__sfrend_specc+0x4>
    e60e: 32 a5 f1     	ld	($f1a5),a               ; 0xf1a5 <_bg_clear_from.byteoff>
;         bgcl_count = (bgcl_count > (byte)(8 - bitno)) ? bgcl_count - (8 - bitno) : 0;
    e611: 21 08 00     	ld	hl,$8
    e614: ed 5b d6 f3  	ld	de,($f3d6)              ; 0xf3d6 <__sfrend_specc+0x2>
    e618: a7           	and	a
    e619: ed 52        	sbc	hl,de
    e61b: 4d           	ld	c,l
    e61c: 44           	ld	b,h
    e61d: e1           	pop	hl
    e61e: 11 00 00     	ld	de,$0
    e621: 79           	ld	a,c
    e622: 95           	sub	l
    e623: 78           	ld	a,b
    e624: 9c           	sbc	a,h
    e625: 30 04        	jr	nc,$e62b
    e627: a7           	and	a
    e628: ed 42        	sbc	hl,bc
    e62a: eb           	ex	de,hl
    e62b: 6b           	ld	l,e
    e62c: 62           	ld	h,d
    e62d: 22 a3 f1     	ld	($f1a3),hl              ; 0xf1a3 <_bgcl_count>
    e630: 18 01        	jr	$e633
    e632: eb           	ex	de,hl
;     whole = (byte)(bgcl_count >> 3);
    e633: 4b           	ld	c,e
    e634: 42           	ld	b,d
    e635: cb 38        	srl	b
    e637: cb 19        	rr	c
    e639: cb 38        	srl	b
    e63b: cb 19        	rr	c
    e63d: cb 38        	srl	b
    e63f: cb 19        	rr	c
    e641: 79           	ld	a,c
    e642: 32 a6 f1     	ld	($f1a6),a               ; 0xf1a6 <_bg_clear_from.whole>
;     if (whole) {
    e645: b7           	or	a
    e646: 28 2a        	jr	z,$e672
;         memset(bgstar + byteoff, 0, whole);
    e648: 3a d8 f3     	ld	a,($f3d8)               ; 0xf3d8 <__sfrend_specc+0x4>
    e64b: 57           	ld	d,a
    e64c: 5a           	ld	e,d
    e64d: 16 00        	ld	d,$0
    e64f: 21 a7 f0     	ld	hl,$f0a7
    e652: 19           	add	hl,de
    e653: eb           	ex	de,hl
    e654: 06 00        	ld	b,$0
    e656: 69           	ld	l,c
    e657: 60           	ld	h,b
    e658: e5           	push	hl
    e659: eb           	ex	de,hl
    e65a: 11 00 00     	ld	de,$0
    e65d: cd 7a db     	call	$db7a
;         byteoff += whole;
    e660: 3a a6 f1     	ld	a,($f1a6)               ; 0xf1a6 <_bg_clear_from.whole>
    e663: 57           	ld	d,a
    e664: 3a a5 f1     	ld	a,($f1a5)               ; 0xf1a5 <_bg_clear_from.byteoff>
    e667: 82           	add	a,d
    e668: 4f           	ld	c,a
    e669: 32 a5 f1     	ld	($f1a5),a               ; 0xf1a5 <_bg_clear_from.byteoff>
;     tail = (byte)(bgcl_count & 7);
    e66c: 2a a3 f1     	ld	hl,($f1a3)              ; 0xf1a3 <_bgcl_count>
    e66f: eb           	ex	de,hl
    e670: 18 04        	jr	$e676
    e672: 3a d8 f3     	ld	a,($f3d8)               ; 0xf3d8 <__sfrend_specc+0x4>
    e675: 4f           	ld	c,a
;     if (tail) {
    e676: 7b           	ld	a,e
    e677: e6 07        	and	$7
    e679: 5f           	ld	e,a
    e67a: 16 00        	ld	d,$0
    e67c: c8           	ret	z
;         bgstar[byteoff] &= ~((byte)0xFF << (byte)(8 - tail));
    e67d: 21 00 ff     	ld	hl,$ff00
    e680: 43           	ld	b,e
    e681: 04           	inc	b
    e682: 05           	dec	b
    e683: 28 06        	jr	z,$e68b
    e685: cb 3c        	srl	h
    e687: cb 1d        	rr	l
    e689: 10 fa        	djnz	$e685
    e68b: eb           	ex	de,hl
    e68c: 06 00        	ld	b,$0
    e68e: 21 a7 f0     	ld	hl,$f0a7
    e691: 09           	add	hl,bc
    e692: e5           	push	hl
    e693: eb           	ex	de,hl
    e694: 7d           	ld	a,l
    e695: 2f           	cpl
    e696: e1           	pop	hl
    e697: a6           	and	(hl)
    e698: fd 77 00     	ld	(iy+$0),a
; }
    e69b: c9           	ret

0000e69c <_bios_const>:
;     byte con = IOBYTE_CON(iobyte);
    e69c: 3a 03 00     	ld	a,($3)                  ; 0x3 <_boot_header+0x3>
    e69f: 5f           	ld	e,a
    e6a0: e6 03        	and	$3
    e6a2: 57           	ld	d,a
;     if ((con & 1) && kbstat)         return 0xFF;
    e6a3: 7b           	ld	a,e
    e6a4: 0f           	rrca
    e6a5: 30 08        	jr	nc,$e6af
    e6a7: 3a ed ec     	ld	a,($eced)               ; 0xeced <_wb+0x2>
    e6aa: 1e ff        	ld	e,$ff
    e6ac: b7           	or	a
    e6ad: 20 12        	jr	nz,$e6c1
;     if ((con != 1) && serial_const()) return 0xFF;
    e6af: 7a           	ld	a,d
    e6b0: fe 01        	cp	$1
    e6b2: 28 0b        	jr	z,$e6bf
;     return (rxtail_b != rxhead_b) ? 0xFF : 0x00;
    e6b4: 3a f1 ec     	ld	a,($ecf1)               ; 0xecf1 <_wb+0x6>
    e6b7: 1e ff        	ld	e,$ff
;     if ((con != 1) && serial_const()) return 0xFF;
    e6b9: 21 f0 ec     	ld	hl,$ecf0
    e6bc: be           	cp	(hl)
    e6bd: 20 02        	jr	nz,$e6c1
    e6bf: 1e 00        	ld	e,$0
; }
    e6c1: 7b           	ld	a,e
    e6c2: c9           	ret

0000e6c3 <_bios_conin>:
;     byte con = IOBYTE_CON(iobyte);
    e6c3: 3a 03 00     	ld	a,($3)                  ; 0x3 <_boot_header+0x3>
    e6c6: 5f           	ld	e,a
    e6c7: e6 03        	and	$3
    e6c9: 57           	ld	d,a
    e6ca: 7b           	ld	a,e
    e6cb: e6 01        	and	$1
    e6cd: 5f           	ld	e,a
;         if ((con & 1) && kbtail != kbhead) return kbd_dequeue();
    e6ce: 7b           	ld	a,e
    e6cf: b7           	or	a
    e6d0: 28 09        	jr	z,$e6db
    e6d2: 3a ec ec     	ld	a,($ecec)               ; 0xecec <_wb+0x1>
    e6d5: 21 eb ec     	ld	hl,$eceb
    e6d8: be           	cp	(hl)
    e6d9: 20 3e        	jr	nz,$e719
;         if ((con != 1) && rxtail_b != rxhead_b) return serial_conin();
    e6db: 7a           	ld	a,d
    e6dc: fe 01        	cp	$1
    e6de: 28 09        	jr	z,$e6e9
    e6e0: 3a f1 ec     	ld	a,($ecf1)               ; 0xecf1 <_wb+0x6>
    e6e3: 21 f0 ec     	ld	hl,$ecf0
    e6e6: be           	cp	(hl)
    e6e7: 20 03        	jr	nz,$e6ec
; static __inline__ void intrinsic_halt(void) { __builtin_z80_halt(); }
    e6e9: 76           	halt
;     for (;;) {
    e6ea: 18 e2        	jr	$e6ce
;     while (rxtail_b == rxhead_b)
    e6ec: 3a f1 ec     	ld	a,($ecf1)               ; 0xecf1 <_wb+0x6>
    e6ef: be           	cp	(hl)
    e6f0: 28 fa        	jr	z,$e6ec
;     byte new_tail = (rxtail_b + 1) & RXMASK;
    e6f2: 3a f1 ec     	ld	a,($ecf1)               ; 0xecf1 <_wb+0x6>
    e6f5: 3c           	inc	a
    e6f6: 5f           	ld	e,a
;     byte ch = rxbuf_b[rxtail_b];
    e6f7: 3a f1 ec     	ld	a,($ecf1)               ; 0xecf1 <_wb+0x6>
    e6fa: 4f           	ld	c,a
    e6fb: 06 00        	ld	b,$0
    e6fd: 21 fd ed     	ld	hl,$edfd
    e700: 09           	add	hl,bc
    e701: 56           	ld	d,(hl)
;     rxtail_b = new_tail;
    e702: 7b           	ld	a,e
    e703: 32 f1 ec     	ld	($ecf1),a               ; 0xecf1 <_wb+0x6>
;     if (new_tail == rxhead_b) {
    e706: 21 f0 ec     	ld	hl,$ecf0
    e709: be           	cp	(hl)
    e70a: 20 35        	jr	nz,$e741
; DEFPORT(sio_b_ctrl,   PORT_SIO_B_CTRL)
    e70c: 3e 05        	ld	a,$5
    e70e: d3 0b        	out	($b),a
;         port_out(sio_b_ctrl, wr5b + 0x8A);  /* DTR=1, TX enable, RTS=1 */
    e710: 3a 35 da     	ld	a,($da35)               ; 0xda35 <_bios_jump_vector_table+0x35>
    e713: c6 8a        	add	a,$8a
; DEFPORT(sio_b_ctrl,   PORT_SIO_B_CTRL)
    e715: d3 0b        	out	($b),a
    e717: 18 28        	jr	$e741
;     byte raw = kbbuf[kbtail];
    e719: 3a ec ec     	ld	a,($ecec)               ; 0xecec <_wb+0x1>
    e71c: 5f           	ld	e,a
    e71d: 16 00        	ld	d,$0
    e71f: 21 3b ef     	ld	hl,$ef3b
    e722: 19           	add	hl,de
    e723: 4e           	ld	c,(hl)
    e724: 06 00        	ld	b,$0
;     kbtail = (kbtail + 1) & (KBBUFSZ - 1);
    e726: 3a ec ec     	ld	a,($ecec)               ; 0xecec <_wb+0x1>
    e729: 3c           	inc	a
    e72a: e6 0f        	and	$f
    e72c: 32 ec ec     	ld	($ecec),a               ; 0xecec <_wb+0x1>
;     kbstat = (kbtail != kbhead) ? 0xFF : 0x00;
    e72f: 57           	ld	d,a
    e730: 3a eb ec     	ld	a,($eceb)               ; 0xeceb <_wb>
    e733: 5f           	ld	e,a
    e734: 7a           	ld	a,d
    e735: 93           	sub	e
    e736: c6 ff        	add	a,$ff
    e738: 9f           	sbc	a,a
    e739: 32 ed ec     	ld	($eced),a               ; 0xeced <_wb+0x2>
;     return inconv[raw];
    e73c: 21 00 f7     	ld	hl,$f700
    e73f: 09           	add	hl,bc
    e740: 56           	ld	d,(hl)
; }
    e741: 7a           	ld	a,d
    e742: c9           	ret

0000e743 <_bios_punch_body>:
; {
    e743: 57           	ld	d,a
;     switch (IOBYTE_PUN(iobyte)) {
    e744: 3a 03 00     	ld	a,($3)                  ; 0x3 <_boot_header+0x3>
    e747: 0f           	rrca
    e748: 0f           	rrca
    e749: 0f           	rrca
    e74a: 0f           	rrca
    e74b: e6 03        	and	$3
    e74d: 5f           	ld	e,a
    e74e: fe 02        	cp	$2
    e750: 30 11        	jr	nc,$e763
;         while (!sio_a_tx_ready)
    e752: 3a e7 ec     	ld	a,($ece7)               ; 0xece7 <_sio_a_tx_ready>
    e755: b7           	or	a
    e756: 28 fa        	jr	z,$e752
; static __inline__ void intrinsic_di(void) { __builtin_z80_di(); }
    e758: f3           	di
;         sio_a_tx_ready = 0;                 /* mark busy */
    e759: af           	xor	a
    e75a: 32 e7 ec     	ld	($ece7),a               ; 0xece7 <_sio_a_tx_ready>
; DEFPORT(sio_a_data,   PORT_SIO_A_DATA)
    e75d: 7a           	ld	a,d
    e75e: d3 08        	out	($8),a
; static __inline__ void intrinsic_ei(void) { __builtin_z80_ei(); }
    e760: fb           	ei
    e761: 18 07        	jr	$e76a
;     switch (IOBYTE_PUN(iobyte)) {
    e763: fe 02        	cp	$2
    e765: c0           	ret	nz
;         list_lpt(c);
    e766: 7a           	ld	a,d
    e767: c3 c0 e4     	jp	$e4c0
; }
    e76a: c9           	ret

0000e76b <_bios_reader_body>:
;     switch (IOBYTE_RDR(iobyte)) {
    e76b: 3a 03 00     	ld	a,($3)                  ; 0x3 <_boot_header+0x3>
    e76e: 0f           	rrca
    e76f: 0f           	rrca
    e770: e6 03        	and	$3
    e772: 5f           	ld	e,a
    e773: fe 02        	cp	$2
    e775: 30 39        	jr	nc,$e7b0
    e777: 01 ee ec     	ld	bc,$ecee
;         while (rxtail_a == rxhead_a)
    e77a: 3a ef ec     	ld	a,($ecef)               ; 0xecef <_wb+0x4>
    e77d: 69           	ld	l,c
    e77e: 60           	ld	h,b
    e77f: be           	cp	(hl)
    e780: 28 f8        	jr	z,$e77a
;         new_tail = (rxtail_a + 1) & RXMASK;
    e782: 3a ef ec     	ld	a,($ecef)               ; 0xecef <_wb+0x4>
    e785: 3c           	inc	a
    e786: f5           	push	af
;         ch = rxbuf_a[rxtail_a];
    e787: 3a ef ec     	ld	a,($ecef)               ; 0xecef <_wb+0x4>
    e78a: 5f           	ld	e,a
    e78b: 16 00        	ld	d,$0
    e78d: ed 53 da f3  	ld	($f3da),de              ; 0xf3da <__sfrend_bg_clear_from+0x1>
    e791: 21 fd ec     	ld	hl,$ecfd
    e794: ed 5b da f3  	ld	de,($f3da)              ; 0xf3da <__sfrend_bg_clear_from+0x1>
    e798: 19           	add	hl,de
    e799: 56           	ld	d,(hl)
    e79a: f1           	pop	af
;         rxtail_a = new_tail;
    e79b: 32 ef ec     	ld	($ecef),a               ; 0xecef <_wb+0x4>
;         if (new_tail == rxhead_a) {
    e79e: 69           	ld	l,c
    e79f: 60           	ld	h,b
    e7a0: be           	cp	(hl)
    e7a1: 20 30        	jr	nz,$e7d3
; DEFPORT(sio_a_ctrl,   PORT_SIO_A_CTRL)
    e7a3: 3e 05        	ld	a,$5
    e7a5: d3 0a        	out	($a),a
;             port_out(sio_a_ctrl, wr5a + 0x8A); /* DTR=1, TX enable, RTS=1 */
    e7a7: 3a 34 da     	ld	a,($da34)               ; 0xda34 <_bios_jump_vector_table+0x34>
    e7aa: c6 8a        	add	a,$8a
; DEFPORT(sio_a_ctrl,   PORT_SIO_A_CTRL)
    e7ac: d3 0a        	out	($a),a
    e7ae: 18 23        	jr	$e7d3
    e7b0: 16 1a        	ld	d,$1a
;     switch (IOBYTE_RDR(iobyte)) {
    e7b2: fe 03        	cp	$3
    e7b4: 28 1d        	jr	z,$e7d3
    e7b6: 21 f0 ec     	ld	hl,$ecf0
;         while (rxtail_b == rxhead_b)
    e7b9: 3a f1 ec     	ld	a,($ecf1)               ; 0xecf1 <_wb+0x6>
    e7bc: be           	cp	(hl)
    e7bd: 28 fa        	jr	z,$e7b9
;         new_tail = (rxtail_b + 1) & RXMASK;
    e7bf: 3a f1 ec     	ld	a,($ecf1)               ; 0xecf1 <_wb+0x6>
    e7c2: 3c           	inc	a
    e7c3: 5f           	ld	e,a
;         ch = rxbuf_b[rxtail_b];
    e7c4: 3a f1 ec     	ld	a,($ecf1)               ; 0xecf1 <_wb+0x6>
    e7c7: 4f           	ld	c,a
    e7c8: 06 00        	ld	b,$0
    e7ca: 21 fd ed     	ld	hl,$edfd
    e7cd: 09           	add	hl,bc
    e7ce: 56           	ld	d,(hl)
;         rxtail_b = new_tail;
    e7cf: 7b           	ld	a,e
    e7d0: 32 f1 ec     	ld	($ecf1),a               ; 0xecf1 <_wb+0x6>
; }
    e7d3: 7a           	ld	a,d
    e7d4: c9           	ret

0000e7d5 <_bios_reads_body>:
;     switch (IOBYTE_RDR(iobyte)) {
    e7d5: 3a 03 00     	ld	a,($3)                  ; 0x3 <_boot_header+0x3>
    e7d8: 0f           	rrca
    e7d9: 0f           	rrca
    e7da: e6 03        	and	$3
    e7dc: 57           	ld	d,a
    e7dd: fe 02        	cp	$2
    e7df: 30 09        	jr	nc,$e7ea
;         return (rxtail_a != rxhead_a) ? 0xFF : 0x00;
    e7e1: 3a ef ec     	ld	a,($ecef)               ; 0xecef <_wb+0x4>
    e7e4: 57           	ld	d,a
    e7e5: 3a ee ec     	ld	a,($ecee)               ; 0xecee <_wb+0x3>
    e7e8: 18 0b        	jr	$e7f5
;     switch (IOBYTE_RDR(iobyte)) {
    e7ea: fe 02        	cp	$2
    e7ec: 20 0e        	jr	nz,$e7fc
;         return (rxtail_b != rxhead_b) ? 0xFF : 0x00;
    e7ee: 3a f1 ec     	ld	a,($ecf1)               ; 0xecf1 <_wb+0x6>
    e7f1: 57           	ld	d,a
    e7f2: 3a f0 ec     	ld	a,($ecf0)               ; 0xecf0 <_wb+0x5>
    e7f5: 5f           	ld	e,a
    e7f6: 7a           	ld	a,d
    e7f7: 93           	sub	e
    e7f8: c6 ff        	add	a,$ff
    e7fa: 9f           	sbc	a,a
; }
    e7fb: c9           	ret
    e7fc: af           	xor	a
; }
    e7fd: c9           	ret

0000e7fe <_bios_read>:
;     return xread();
    e7fe: c3 a3 dd     	jp	$dda3

0000e801 <_bios_write_c>:
; {
    e801: 57           	ld	d,a
;     is_read = 0;
    e802: af           	xor	a
    e803: 32 bb f3     	ld	($f3bb),a               ; 0xf3bb <_is_read>
;     write_type = wt;
    e806: 7a           	ld	a,d
    e807: 32 bd f3     	ld	($f3bd),a               ; 0xf3bd <_write_type>
;     if (wt == WRUAL) {
    e80a: fe 02        	cp	$2
    e80c: 20 18        	jr	nz,$e826
;         unalloc_count = records_per_alloc_block;
    e80e: 3a 0c ef     	ld	a,($ef0c)               ; 0xef0c <_records_per_alloc_block>
    e811: 4f           	ld	c,a
;         unalloc_disk = cpm_disk;
    e812: 3a fd ee     	ld	a,($eefd)               ; 0xeefd <_cpm_disk>
    e815: 32 c0 f3     	ld	($f3c0),a               ; 0xf3c0 <_unalloc_disk>
;         unalloc_track = cpm_track;
    e818: 2a f9 ec     	ld	hl,($ecf9)              ; 0xecf9 <_cpm_track>
    e81b: 22 c1 f3     	ld	($f3c1),hl              ; 0xf3c1 <_unalloc_track>
;         unalloc_sector = cpm_sector;
    e81e: 2a fb ec     	ld	hl,($ecfb)              ; 0xecfb <_cpm_sector>
    e821: 22 c3 f3     	ld	($f3c3),hl              ; 0xf3c3 <_unalloc_sector>
    e824: 18 04        	jr	$e82a
;     if (unalloc_count) {
    e826: 3a f5 ec     	ld	a,($ecf5)               ; 0xecf5 <_unalloc_count>
    e829: 4f           	ld	c,a
    e82a: 79           	ld	a,c
    e82b: b7           	or	a
    e82c: 28 71        	jr	z,$e89f
;         unalloc_count--;
    e82e: 3d           	dec	a
    e82f: 32 f5 ec     	ld	($ecf5),a               ; 0xecf5 <_unalloc_count>
;         if (cpm_disk != unalloc_disk || cpm_track != unalloc_track || cpm_sector != unalloc_sector)
    e832: 3a fd ee     	ld	a,($eefd)               ; 0xeefd <_cpm_disk>
    e835: 21 c0 f3     	ld	hl,$f3c0
    e838: be           	cp	(hl)
    e839: 20 64        	jr	nz,$e89f
    e83b: 2a f9 ec     	ld	hl,($ecf9)              ; 0xecf9 <_cpm_track>
    e83e: eb           	ex	de,hl
    e83f: 2a c1 f3     	ld	hl,($f3c1)              ; 0xf3c1 <_unalloc_track>
    e842: 7a           	ld	a,d
    e843: ac           	xor	h
    e844: 67           	ld	h,a
    e845: 7b           	ld	a,e
    e846: ad           	xor	l
    e847: b4           	or	h
    e848: 20 55        	jr	nz,$e89f
    e84a: 2a fb ec     	ld	hl,($ecfb)              ; 0xecfb <_cpm_sector>
    e84d: 4d           	ld	c,l
    e84e: 44           	ld	b,h
    e84f: 2a c3 f3     	ld	hl,($f3c3)              ; 0xf3c3 <_unalloc_sector>
    e852: 78           	ld	a,b
    e853: ac           	xor	h
    e854: 67           	ld	h,a
    e855: 79           	ld	a,c
    e856: ad           	xor	l
    e857: b4           	or	h
    e858: 20 45        	jr	nz,$e89f
    e85a: 69           	ld	l,c
    e85b: 22 dc f3     	ld	($f3dc),hl              ; 0xf3dc <__sfrend_bios_reader_body>
;         unalloc_sector++;
    e85e: 03           	inc	bc
    e85f: 69           	ld	l,c
    e860: 60           	ld	h,b
    e861: 22 c3 f3     	ld	($f3c3),hl              ; 0xf3c3 <_unalloc_sector>
;         if (unalloc_sector >= cpm_sectors_per_track) {
    e864: 2a 0d ef     	ld	hl,($ef0d)              ; 0xef0d <_cpm_sectors_per_track>
    e867: 79           	ld	a,c
    e868: 95           	sub	l
    e869: 78           	ld	a,b
    e86a: 9c           	sbc	a,h
    e86b: 38 0b        	jr	c,$e878
;             unalloc_sector = 0;
    e86d: 21 00 00     	ld	hl,$0
    e870: 22 c3 f3     	ld	($f3c3),hl              ; 0xf3c3 <_unalloc_sector>
;             unalloc_track++;
    e873: 13           	inc	de
    e874: eb           	ex	de,hl
    e875: 22 c1 f3     	ld	($f3c1),hl              ; 0xf3c1 <_unalloc_track>
;         need_pre_read = 0;
    e878: af           	xor	a
    e879: 32 bc f3     	ld	($f3bc),a               ; 0xf3bc <_need_pre_read>
;         if ((cpm_sector & deblock_mask) == deblock_mask)
    e87c: 3a 0f ef     	ld	a,($ef0f)               ; 0xef0f <_deblock_mask>
    e87f: 57           	ld	d,a
    e880: 6f           	ld	l,a
    e881: 26 00        	ld	h,$0
    e883: ed 4b dc f3  	ld	bc,($f3dc)              ; 0xf3dc <__sfrend_bios_reader_body>
    e887: 79           	ld	a,c
    e888: a2           	and	d
    e889: 5f           	ld	e,a
    e88a: 16 00        	ld	d,$0
    e88c: 7a           	ld	a,d
    e88d: ac           	xor	h
    e88e: 47           	ld	b,a
    e88f: 7b           	ld	a,e
    e890: ad           	xor	l
    e891: b0           	or	b
    e892: d6 01        	sub	$1
    e894: 9f           	sbc	a,a
    e895: e6 01        	and	$1
    e897: e6 01        	and	$1
    e899: 32 bf f3     	ld	($f3bf),a               ; 0xf3bf <_unalloc_mask>
    e89c: c3 b7 dd     	jp	$ddb7
;     unalloc_count = 0;
    e89f: af           	xor	a
    e8a0: 32 f5 ec     	ld	($ecf5),a               ; 0xecf5 <_unalloc_count>
;     need_pre_read = deblock_mask;
    e8a3: 3a 0f ef     	ld	a,($ef0f)               ; 0xef0f <_deblock_mask>
    e8a6: 32 bc f3     	ld	($f3bc),a               ; 0xf3bc <_need_pre_read>
    e8a9: c3 b7 dd     	jp	$ddb7

0000e8ac <_bios_listst>:
;     switch (IOBYTE_LST(iobyte)) {
    e8ac: 3a 03 00     	ld	a,($3)                  ; 0x3 <_boot_header+0x3>
    e8af: cb 3f        	srl	a
    e8b1: cb 3f        	srl	a
    e8b3: cb 3f        	srl	a
    e8b5: cb 3f        	srl	a
    e8b7: cb 3f        	srl	a
    e8b9: cb 3f        	srl	a
    e8bb: fe 03        	cp	$3
    e8bd: 28 0f        	jr	z,$e8ce
    e8bf: fe 01        	cp	$1
    e8c1: 28 08        	jr	z,$e8cb
    e8c3: fe 02        	cp	$2
    e8c5: 20 09        	jr	nz,$e8d0
;     case IOB_BAT:  return sio_a_tx_ready;   /* LPT: SIO-A TX ready */
    e8c7: 3a e7 ec     	ld	a,($ece7)               ; 0xece7 <_sio_a_tx_ready>
; }
    e8ca: c9           	ret
    e8cb: 3e ff        	ld	a,$ff
; }
    e8cd: c9           	ret
    e8ce: af           	xor	a
; }
    e8cf: c9           	ret
;     case IOB_TTY:  return sio_b_tx_ready;   /* SIO-B TX ready (console) */
    e8d0: 3a e8 ec     	ld	a,($ece8)               ; 0xece8 <_sio_b_tx_ready>
; }
    e8d3: c9           	ret

0000e8d4 <_bios_linsel_body>:
;     while (!(sio_rd1() & 0b00000001))
    e8d4: cd 23 e9     	call	$e923
    e8d7: 0f           	rrca
    e8d8: 30 fa        	jr	nc,$e8d4
;     waitd(2);
    e8da: 21 02 00     	ld	hl,$2
    e8dd: cd a9 e0     	call	$e0a9
; static __inline__ void intrinsic_di(void) { __builtin_z80_di(); }
    e8e0: f3           	di
;     sio_wr5(0x00);
    e8e1: af           	xor	a
    e8e2: cd 38 e9     	call	$e938
    e8e5: 1e 00        	ld	e,$0
; static __inline__ void intrinsic_ei(void) { __builtin_z80_ei(); }
    e8e7: fb           	ei
;     if (ls_line == 0)
    e8e8: 3a 36 ef     	ld	a,($ef36)               ; 0xef36 <_ls_line>
    e8eb: 57           	ld	d,a
    e8ec: b7           	or	a
    e8ed: 28 32        	jr	z,$e921
;         wr5val = (byte)(ls_line << 1);      /* RTS bit position */
    e8ef: 87           	add	a,a
; static __inline__ void intrinsic_di(void) { __builtin_z80_di(); }
    e8f0: f5           	push	af
    e8f1: f3           	di
;         sio_wr5(wr5val);
    e8f2: cd 38 e9     	call	$e938
; static __inline__ void intrinsic_ei(void) { __builtin_z80_ei(); }
    e8f5: fb           	ei
;         wr5val |= 0b10000000;                     /* add DTR */
    e8f6: f1           	pop	af
    e8f7: f6 80        	or	$80
; static __inline__ void intrinsic_di(void) { __builtin_z80_di(); }
    e8f9: f3           	di
;         sio_wr5(wr5val);
    e8fa: cd 38 e9     	call	$e938
; static __inline__ void intrinsic_ei(void) { __builtin_z80_ei(); }
    e8fd: fb           	ei
;     waitd(2);
    e8fe: 21 02 00     	ld	hl,$2
    e901: cd a9 e0     	call	$e0a9
;     if ((ls_port ? rr0_b : rr0_a) & 0b00100000)
    e904: 3a 37 ef     	ld	a,($ef37)               ; 0xef37 <_ls_port>
    e907: b7           	or	a
    e908: 28 05        	jr	z,$e90f
    e90a: 11 38 ef     	ld	de,$ef38
    e90d: 18 03        	jr	$e912
    e90f: 11 39 ef     	ld	de,$ef39
;     if ((ls_port ? rr0_b : rr0_a) & 0b00100000)
    e912: 1a           	ld	a,(de)
    e913: e6 20        	and	$20
    e915: 1e ff        	ld	e,$ff
    e917: 20 08        	jr	nz,$e921
; static __inline__ void intrinsic_di(void) { __builtin_z80_di(); }
    e919: f3           	di
;     sio_wr5(0x00);
    e91a: af           	xor	a
    e91b: cd 38 e9     	call	$e938
    e91e: 1e 00        	ld	e,$0
; static __inline__ void intrinsic_ei(void) { __builtin_z80_ei(); }
    e920: fb           	ei
; }
    e921: 7b           	ld	a,e
    e922: c9           	ret

0000e923 <_sio_rd1>:
;     byte port = ls_port ? PORT_SIO_B_CTRL : PORT_SIO_A_CTRL;
    e923: 3a 37 ef     	ld	a,($ef37)               ; 0xef37 <_ls_port>
    e926: b7           	or	a
    e927: 28 05        	jr	z,$e92e
    e929: 01 0b 00     	ld	bc,$b
    e92c: 18 03        	jr	$e931
    e92e: 01 0a 00     	ld	bc,$a
;     port_out_rt(port, 1);
    e931: 3e 01        	ld	a,$1
    e933: ed 79        	out	(c),a
;     return port_in_rt(port);
    e935: ed 78        	in	a,(c)
    e937: c9           	ret

0000e938 <_sio_wr5>:
; static void NOINLINE sio_wr5(byte val) {
    e938: 57           	ld	d,a
;     byte port = ls_port ? PORT_SIO_B_CTRL : PORT_SIO_A_CTRL;
    e939: 3a 37 ef     	ld	a,($ef37)               ; 0xef37 <_ls_port>
    e93c: b7           	or	a
    e93d: 28 05        	jr	z,$e944
    e93f: 01 0b 00     	ld	bc,$b
    e942: 18 03        	jr	$e947
    e944: 01 0a 00     	ld	bc,$a
;     port_out_rt(port, 5);
    e947: 3e 05        	ld	a,$5
    e949: ed 79        	out	(c),a
;     port_out_rt(port, val);
    e94b: 7a           	ld	a,d
    e94c: ed 79        	out	(c),a
; }
    e94e: c9           	ret

0000e94f <_bios_hrdfmt>:
; void bios_hrdfmt(void) { }
    e94f: c9           	ret

0000e950 <_isr_crt>:
; DEFPORT(crt_cmd,      PORT_CRT_CMD)
    e950: db 01        	in	a,($1)
; DEFPORT(dma_smsk,     PORT_DMA_SMSK)
    e952: 3e 06        	ld	a,$6
    e954: d3 fa        	out	($fa),a
    e956: 3e 07        	ld	a,$7
    e958: d3 fa        	out	($fa),a
; DEFPORT(dma_clbp,     PORT_DMA_CLBP)
    e95a: af           	xor	a
    e95b: d3 fc        	out	($fc),a
; DEFPORT(dma_dsp_addr, PORT_DMA_DSP_ADDR)
    e95d: d3 f4        	out	($f4),a
    e95f: 3e f8        	ld	a,$f8
    e961: d3 f4        	out	($f4),a
; DEFPORT(dma_dsp_wc,   PORT_DMA_DSP_WC)
    e963: 3e cf        	ld	a,$cf
    e965: d3 f5        	out	($f5),a
    e967: 3e 07        	ld	a,$7
    e969: d3 f5        	out	($f5),a
; DEFPORT(dma_atr_wc,   PORT_DMA_ATR_WC)
    e96b: af           	xor	a
    e96c: d3 f7        	out	($f7),a
    e96e: d3 f7        	out	($f7),a
; DEFPORT(dma_smsk,     PORT_DMA_SMSK)
    e970: 3e 02        	ld	a,$2
    e972: d3 fa        	out	($fa),a
    e974: 3e 03        	ld	a,$3
    e976: d3 fa        	out	($fa),a
;     if (cur_dirty) {
    e978: 3a 3a ef     	ld	a,($ef3a)               ; 0xef3a <_cur_dirty>
    e97b: b7           	or	a
    e97c: 28 12        	jr	z,$e990
;         cur_dirty = 0;
    e97e: af           	xor	a
    e97f: 32 3a ef     	ld	($ef3a),a               ; 0xef3a <_cur_dirty>
; DEFPORT(crt_cmd,      PORT_CRT_CMD)
    e982: 3e 80        	ld	a,$80
    e984: d3 01        	out	($1),a
;         port_out(crt_param, curx);     /* X position */
    e986: 3a d1 ff     	ld	a,($ffd1)               ; 0xffd1 <__sfrend_isr_sio_b_tx+0xbef>
; DEFPORT(crt_param,    PORT_CRT_PARAM)
    e989: d3 00        	out	($0),a
;         port_out(crt_param, cursy);    /* Y position */
    e98b: 3a d4 ff     	ld	a,($ffd4)               ; 0xffd4 <__sfrend_isr_sio_b_tx+0xbf2>
; DEFPORT(crt_param,    PORT_CRT_PARAM)
    e98e: d3 00        	out	($0),a
; DEFPORT(ctc2,         PORT_CTC2)
    e990: 3e d7        	ld	a,$d7
    e992: d3 0e        	out	($e),a
    e994: 3e 01        	ld	a,$1
    e996: d3 0e        	out	($e),a
;     rtc0++;
    e998: 2a fc ff     	ld	hl,($fffc)              ; 0xfffc <__sfrend_isr_sio_b_tx+0xc1a>
    e99b: 23           	inc	hl
    e99c: 22 fc ff     	ld	($fffc),hl              ; 0xfffc <__sfrend_isr_sio_b_tx+0xc1a>
;     if (rtc0 == 0)
    e99f: 2a fc ff     	ld	hl,($fffc)              ; 0xfffc <__sfrend_isr_sio_b_tx+0xc1a>
    e9a2: 7d           	ld	a,l
    e9a3: b4           	or	h
    e9a4: 20 07        	jr	nz,$e9ad
;         rtc2++;
    e9a6: 2a fe ff     	ld	hl,($fffe)              ; 0xfffe <__sfrend_isr_sio_b_tx+0xc1c>
    e9a9: 23           	inc	hl
    e9aa: 22 fe ff     	ld	($fffe),hl              ; 0xfffe <__sfrend_isr_sio_b_tx+0xc1c>
;     if (timer1 != 0) {
    e9ad: 2a df ff     	ld	hl,($ffdf)              ; 0xffdf <__sfrend_isr_sio_b_tx+0xbfd>
    e9b0: 7d           	ld	a,l
    e9b1: b4           	or	h
    e9b2: 28 17        	jr	z,$e9cb
;         timer1--;
    e9b4: 2a df ff     	ld	hl,($ffdf)              ; 0xffdf <__sfrend_isr_sio_b_tx+0xbfd>
    e9b7: 2b           	dec	hl
    e9b8: 22 df ff     	ld	($ffdf),hl              ; 0xffdf <__sfrend_isr_sio_b_tx+0xbfd>
;         if (timer1 == 0) {
    e9bb: 2a df ff     	ld	hl,($ffdf)              ; 0xffdf <__sfrend_isr_sio_b_tx+0xbfd>
    e9be: 7d           	ld	a,l
    e9bf: b4           	or	h
    e9c0: 20 09        	jr	nz,$e9cb
;             ((void (*)(void))warmjp)();
    e9c2: 2a e5 ff     	ld	hl,($ffe5)              ; 0xffe5 <__sfrend_isr_sio_b_tx+0xc03>
    e9c5: e5           	push	hl
    e9c6: fd e1        	pop	iy
    e9c8: cd b1 db     	call	$dbb1
;     if (timer2 != 0) {
    e9cb: 2a e1 ff     	ld	hl,($ffe1)              ; 0xffe1 <__sfrend_isr_sio_b_tx+0xbff>
    e9ce: 7d           	ld	a,l
    e9cf: b4           	or	h
    e9d0: 28 16        	jr	z,$e9e8
;         timer2--;
    e9d2: 2a e1 ff     	ld	hl,($ffe1)              ; 0xffe1 <__sfrend_isr_sio_b_tx+0xbff>
    e9d5: 2b           	dec	hl
    e9d6: 22 e1 ff     	ld	($ffe1),hl              ; 0xffe1 <__sfrend_isr_sio_b_tx+0xbff>
;         if (timer2 == 0)
    e9d9: 2a e1 ff     	ld	hl,($ffe1)              ; 0xffe1 <__sfrend_isr_sio_b_tx+0xbff>
    e9dc: 7d           	ld	a,l
    e9dd: b4           	or	h
    e9de: 20 08        	jr	nz,$e9e8
; DEFPORT(sw1,          PORT_SW1)
    e9e0: db 14        	in	a,($14)
;     if (!(port_in(sw1) & 0b10000000))    /* maxi: no motor control */
    e9e2: 07           	rlca
    e9e3: 30 03        	jr	nc,$e9e8
; DEFPORT(sw1,          PORT_SW1)
    e9e5: af           	xor	a
    e9e6: d3 14        	out	($14),a
;     if (delay_ticks != 0)
    e9e8: 2a e3 ff     	ld	hl,($ffe3)              ; 0xffe3 <__sfrend_isr_sio_b_tx+0xc01>
    e9eb: 7d           	ld	a,l
    e9ec: b4           	or	h
    e9ed: c8           	ret	z
;         delay_ticks--;
    e9ee: 2a e3 ff     	ld	hl,($ffe3)              ; 0xffe3 <__sfrend_isr_sio_b_tx+0xc01>
    e9f1: 2b           	dec	hl
    e9f2: 22 e3 ff     	ld	($ffe3),hl              ; 0xffe3 <__sfrend_isr_sio_b_tx+0xc01>
; }
    e9f5: c9           	ret

0000e9f6 <_isr_pio_kbd>:
; {
    e9f6: 21 ec ec     	ld	hl,$ecec
; DEFPORT(pio_a_data,   PORT_PIO_A_DATA)
    e9f9: db 10        	in	a,($10)
    e9fb: 57           	ld	d,a
;         new_head = (kbhead + 1) & KBMASK;
    e9fc: 3a eb ec     	ld	a,($eceb)               ; 0xeceb <_wb>
    e9ff: 3c           	inc	a
    ea00: e6 0f        	and	$f
;         if (new_head != kbtail) {
    ea02: be           	cp	(hl)
    ea03: c8           	ret	z
    ea04: 5f           	ld	e,a
;             kbbuf[kbhead] = key;
    ea05: 3a eb ec     	ld	a,($eceb)               ; 0xeceb <_wb>
    ea08: 4f           	ld	c,a
    ea09: 06 00        	ld	b,$0
    ea0b: 21 3b ef     	ld	hl,$ef3b
    ea0e: 09           	add	hl,bc
    ea0f: 72           	ld	(hl),d
;             kbhead = new_head;
    ea10: 7b           	ld	a,e
    ea11: 32 eb ec     	ld	($eceb),a               ; 0xeceb <_wb>
;             kbstat = 0xFF;
    ea14: 3e ff        	ld	a,$ff
    ea16: 32 ed ec     	ld	($eced),a               ; 0xeced <_wb+0x2>
; }
    ea19: c9           	ret

0000ea1a <_isr_floppy>:
;         fdc_irq_fired = 0xFF;
    ea1a: 3e ff        	ld	a,$ff
    ea1c: 32 4b ef     	ld	($ef4b),a               ; 0xef4b <_fdc_irq_fired>
; DEFPORT(fdc_status,   PORT_FDC_STATUS)
    ea1f: db 04        	in	a,($4)
;         if (port_in(fdc_status) & FDC_MSR_CB)     /* CB set: still in result phase */
    ea21: e6 10        	and	$10
    ea23: 20 03        	jr	nz,$ea28
;             fdc_sense_int();
    ea25: c3 76 e0     	jp	$e076
    ea28: 11 9e f0     	ld	de,$f09e
    ea2b: 26 f9        	ld	h,$f9
    ea2d: 7c           	ld	a,h
    ea2e: 32 df f3     	ld	($f3df),a               ; 0xf3df <__sfrend_bios_linsel_body>
;         *p++ = fdc_read();
    ea31: d5           	push	de
    ea32: cd a0 e0     	call	$e0a0
    ea35: d1           	pop	de
;         *p++ = fdc_read();
    ea36: 12           	ld	(de),a
; DEFPORT(fdc_status,   PORT_FDC_STATUS)
    ea37: db 04        	in	a,($4)
;         if (!(port_in(fdc_status) & FDC_MSR_CB))  /* CB clear: no more result bytes */
    ea39: e6 10        	and	$10
    ea3b: c8           	ret	z
;         *p++ = fdc_read();
    ea3c: 13           	inc	de
;     } while (--n);
    ea3d: 3a df f3     	ld	a,($f3df)               ; 0xf3df <__sfrend_bios_linsel_body>
    ea40: c6 01        	add	a,$1
    ea42: 32 df f3     	ld	($f3df),a               ; 0xf3df <__sfrend_bios_linsel_body>
    ea45: 9f           	sbc	a,a
    ea46: 0f           	rrca
    ea47: 30 e8        	jr	nc,$ea31
; }
    ea49: c9           	ret

0000ea4a <_isr_dummy>:
; void isr_dummy(void) __interrupt(0) {}
    ea4a: fb           	ei
    ea4b: ed 4d        	reti

0000ea4d <_isr_hd>:
; void isr_hd(void) __interrupt(4) {}
    ea4d: fb           	ei
    ea4e: ed 4d        	reti

0000ea50 <_isr_sio_b_tx>:
; {
    ea50: f5           	push	af
; DEFPORT(sio_b_ctrl,   PORT_SIO_B_CTRL)
    ea51: 3e 28        	ld	a,$28
    ea53: d3 0b        	out	($b),a
;     sio_b_tx_ready = 0xFF;              /* printer ready */
    ea55: 3e ff        	ld	a,$ff
    ea57: 32 e8 ec     	ld	($ece8),a               ; 0xece8 <_sio_b_tx_ready>
; }
    ea5a: f1           	pop	af
    ea5b: fb           	ei
    ea5c: ed 4d        	reti

0000ea5e <_isr_sio_b_ext>:
; {
    ea5e: f5           	push	af
; DEFPORT(sio_b_ctrl,   PORT_SIO_B_CTRL)
    ea5f: db 0b        	in	a,($b)
;     rr0_b = port_in(sio_b_ctrl);  /* read RR0 */
    ea61: 32 38 ef     	ld	($ef38),a               ; 0xef38 <_rr0_b>
; DEFPORT(sio_b_ctrl,   PORT_SIO_B_CTRL)
    ea64: 3e 10        	ld	a,$10
    ea66: d3 0b        	out	($b),a
; }
    ea68: f1           	pop	af
    ea69: fb           	ei
    ea6a: ed 4d        	reti

0000ea6c <_isr_sio_b_rx>:
; {
    ea6c: f5           	push	af
    ea6d: c5           	push	bc
    ea6e: d5           	push	de
    ea6f: e5           	push	hl
; DEFPORT(sio_b_data,   PORT_SIO_B_DATA)
    ea70: db 09        	in	a,($9)
    ea72: 57           	ld	d,a
;     new_head = (rxhead_b + 1) & RXMASK;
    ea73: 3a f0 ec     	ld	a,($ecf0)               ; 0xecf0 <_wb+0x5>
    ea76: 3c           	inc	a
;     if (new_head == rxtail_b)
    ea77: 21 f1 ec     	ld	hl,$ecf1
    ea7a: be           	cp	(hl)
    ea7b: 28 18        	jr	z,$ea95
    ea7d: 5f           	ld	e,a
;     rxbuf_b[rxhead_b] = ch;
    ea7e: 3a f0 ec     	ld	a,($ecf0)               ; 0xecf0 <_wb+0x5>
    ea81: 4f           	ld	c,a
    ea82: 06 00        	ld	b,$0
    ea84: 21 fd ed     	ld	hl,$edfd
    ea87: 09           	add	hl,bc
    ea88: 72           	ld	(hl),d
;     rxhead_b = new_head;
    ea89: 7b           	ld	a,e
    ea8a: 32 f0 ec     	ld	($ecf0),a               ; 0xecf0 <_wb+0x5>
;     used = (new_head - rxtail_b) & RXMASK;
    ea8d: 21 f1 ec     	ld	hl,$ecf1
    ea90: 96           	sub	(hl)
;     if (used < RXTHHI)
    ea91: fe f8        	cp	$f8
    ea93: 38 0b        	jr	c,$eaa0
; DEFPORT(sio_b_ctrl,   PORT_SIO_B_CTRL)
    ea95: 3e 05        	ld	a,$5
    ea97: d3 0b        	out	($b),a
;     port_out(sio_b_ctrl, wr5b + 0x88);  /* DTR=1, TX enable, RTS=0 */
    ea99: 3a 35 da     	ld	a,($da35)               ; 0xda35 <_bios_jump_vector_table+0x35>
    ea9c: c6 88        	add	a,$88
; DEFPORT(sio_b_ctrl,   PORT_SIO_B_CTRL)
    ea9e: d3 0b        	out	($b),a
; }
    eaa0: e1           	pop	hl
    eaa1: d1           	pop	de
    eaa2: c1           	pop	bc
    eaa3: f1           	pop	af
    eaa4: fb           	ei
    eaa5: ed 4d        	reti

0000eaa7 <_isr_sio_b_spec>:
; {
    eaa7: f5           	push	af
; DEFPORT(sio_b_ctrl,   PORT_SIO_B_CTRL)
    eaa8: 3e 01        	ld	a,$1
    eaaa: d3 0b        	out	($b),a
    eaac: db 0b        	in	a,($b)
;     rr1_b = port_in(sio_b_ctrl);  /* read RR1 */
    eaae: 32 4c ef     	ld	($ef4c),a               ; 0xef4c <_rr1_b>
; DEFPORT(sio_b_ctrl,   PORT_SIO_B_CTRL)
    eab1: 3e 30        	ld	a,$30
    eab3: d3 0b        	out	($b),a
;     rxhead_b = 0;               /* flush ring buffer on error */
    eab5: af           	xor	a
    eab6: 32 f0 ec     	ld	($ecf0),a               ; 0xecf0 <_wb+0x5>
;     rxtail_b = 0;
    eab9: 32 f1 ec     	ld	($ecf1),a               ; 0xecf1 <_wb+0x6>
; }
    eabc: f1           	pop	af
    eabd: fb           	ei
    eabe: ed 4d        	reti

0000eac0 <_isr_sio_a_tx>:
; {
    eac0: f5           	push	af
; DEFPORT(sio_a_ctrl,   PORT_SIO_A_CTRL)
    eac1: 3e 28        	ld	a,$28
    eac3: d3 0a        	out	($a),a
;     sio_a_tx_ready = 0xFF;              /* punch ready */
    eac5: 3e ff        	ld	a,$ff
    eac7: 32 e7 ec     	ld	($ece7),a               ; 0xece7 <_sio_a_tx_ready>
; }
    eaca: f1           	pop	af
    eacb: fb           	ei
    eacc: ed 4d        	reti

0000eace <_isr_sio_a_ext>:
; {
    eace: f5           	push	af
; DEFPORT(sio_a_ctrl,   PORT_SIO_A_CTRL)
    eacf: db 0a        	in	a,($a)
;     rr0_a = port_in(sio_a_ctrl);  /* read RR0 */
    ead1: 32 39 ef     	ld	($ef39),a               ; 0xef39 <_rr0_a>
; DEFPORT(sio_a_ctrl,   PORT_SIO_A_CTRL)
    ead4: 3e 10        	ld	a,$10
    ead6: d3 0a        	out	($a),a
; }
    ead8: f1           	pop	af
    ead9: fb           	ei
    eada: ed 4d        	reti

0000eadc <_isr_sio_a_rx>:
; DEFPORT(sio_a_data,   PORT_SIO_A_DATA)
    eadc: db 08        	in	a,($8)
    eade: 57           	ld	d,a
;         new_head = (rxhead_a + 1) & RXMASK;
    eadf: 3a ee ec     	ld	a,($ecee)               ; 0xecee <_wb+0x3>
    eae2: 3c           	inc	a
;         if (new_head == rxtail_a)
    eae3: 21 ef ec     	ld	hl,$ecef
    eae6: be           	cp	(hl)
    eae7: 28 17        	jr	z,$eb00
    eae9: 5f           	ld	e,a
;         rxbuf_a[rxhead_a] = ch;
    eaea: 3a ee ec     	ld	a,($ecee)               ; 0xecee <_wb+0x3>
    eaed: 4f           	ld	c,a
    eaee: 06 00        	ld	b,$0
    eaf0: 21 fd ec     	ld	hl,$ecfd
    eaf3: 09           	add	hl,bc
    eaf4: 72           	ld	(hl),d
;         rxhead_a = new_head;
    eaf5: 7b           	ld	a,e
    eaf6: 32 ee ec     	ld	($ecee),a               ; 0xecee <_wb+0x3>
;         used = (new_head - rxtail_a) & RXMASK;
    eaf9: 21 ef ec     	ld	hl,$ecef
    eafc: 96           	sub	(hl)
;         if (used < RXTHHI)
    eafd: fe f8        	cp	$f8
    eaff: d8           	ret	c
; DEFPORT(sio_a_ctrl,   PORT_SIO_A_CTRL)
    eb00: 3e 05        	ld	a,$5
    eb02: d3 0a        	out	($a),a
;         port_out(sio_a_ctrl, wr5a + 0x88);  /* DTR=1, TX enable, RTS=0 */
    eb04: 3a 34 da     	ld	a,($da34)               ; 0xda34 <_bios_jump_vector_table+0x34>
    eb07: c6 88        	add	a,$88
; DEFPORT(sio_a_ctrl,   PORT_SIO_A_CTRL)
    eb09: d3 0a        	out	($a),a
; }
    eb0b: c9           	ret

0000eb0c <_isr_sio_a_spec>:
; {
    eb0c: f5           	push	af
; DEFPORT(sio_a_ctrl,   PORT_SIO_A_CTRL)
    eb0d: 3e 01        	ld	a,$1
    eb0f: d3 0a        	out	($a),a
    eb11: db 0a        	in	a,($a)
;     rr1_a = port_in(sio_a_ctrl);  /* read RR1 */
    eb13: 32 4d ef     	ld	($ef4d),a               ; 0xef4d <_rr1_a>
; DEFPORT(sio_a_ctrl,   PORT_SIO_A_CTRL)
    eb16: 3e 30        	ld	a,$30
    eb18: d3 0a        	out	($a),a
;     rxhead_a = 0;                 /* flush ring buffer */
    eb1a: af           	xor	a
    eb1b: 32 ee ec     	ld	($ecee),a               ; 0xecee <_wb+0x3>
;     rxtail_a = 0;
    eb1e: 32 ef ec     	ld	($ecef),a               ; 0xecef <_wb+0x4>
; }
    eb21: f1           	pop	af
    eb22: fb           	ei
    eb23: ed 4d        	reti

0000eb25 <_isr_pio_par>:
; void isr_pio_par(void) __interrupt(17) {}
    eb25: fb           	ei
    eb26: ed 4d        	reti
